2025-11-15 08:18:35,604 - INFO - Logging initialized. Log file: /home/ubuntu/smci/AnsibleToolkit/toolkit/logs/ansibleautodiscover_20251115_081835.log
2025-11-15 08:18:35,605 - INFO - Starting ansibleautodiscover module
2025-11-15 08:18:35,608 - INFO - Module parameters - interface: enp0s8, target_nodes: None, discover_servers: True, discover_switches: False
2025-11-15 08:18:35,610 - INFO - Authentication - server usernames: 1, server passwords: 1, switch usernames: 1, switch passwords: 1
2025-11-15 08:18:35,610 - INFO - Starting IPv6 device discovery...
2025-11-15 08:18:35,611 - DEBUG - Starting module execution...
2025-11-15 08:18:35,611 - DEBUG - Starting IPv6 neighbor discovery...
2025-11-15 08:18:35,612 - DEBUG - Will scan interfaces: ['enp0s8']
2025-11-15 08:18:35,613 - DEBUG - Pinging multicast on interface enp0s8...
2025-11-15 08:18:36,627 - DEBUG - Parsing ping responses from interface enp0s8...
2025-11-15 08:18:36,628 - DEBUG - Found IPv6 device: fe80::a00:27ff:fe50:fb24%enp0s8
2025-11-15 08:18:36,629 - DEBUG - Found IPv6 device: fe80::323e:a7ff:fe32:b584%enp0s8
2025-11-15 08:18:36,629 - DEBUG - Found IPv6 device: fe80::323e:a7ff:fe32:b588%enp0s8
2025-11-15 08:18:36,629 - DEBUG - Found IPv6 device: fe80::5eed:8cff:fe36:b60e%enp0s8
2025-11-15 08:18:36,629 - DEBUG - Found IPv6 device: fe80::5eed:8cff:fe01:2dec%enp0s8
2025-11-15 08:18:36,629 - DEBUG - Found IPv6 device: fe80::5eed:8cff:fe01:2de8%enp0s8
2025-11-15 08:18:36,629 - DEBUG - Found IPv6 device: fe80::7ea6:2aff:fe6e:b652%enp0s8
2025-11-15 08:18:36,629 - DEBUG - Found IPv6 device: fe80::7ea6:2aff:fe6d:724a%enp0s8
2025-11-15 08:18:36,629 - DEBUG - Found IPv6 device: fe80::7ea6:2aff:fe6e:b726%enp0s8
2025-11-15 08:18:36,629 - DEBUG - Found IPv6 device: fe80::9640:c9ff:fe1c:3670%enp0s8
2025-11-15 08:18:36,630 - DEBUG - Found IPv6 device: fe80::5eba:2cff:fe38:9948%enp0s8
2025-11-15 08:18:36,630 - DEBUG - Found IPv6 device: fe80::5eed:8cff:fe01:2d68%enp0s8
2025-11-15 08:18:36,630 - DEBUG - Found IPv6 device: fe80::5eed:8cff:fe36:c630%enp0s8
2025-11-15 08:18:36,630 - DEBUG - Found IPv6 device: fe80::7ea6:2aff:fe6e:cd2a%enp0s8
2025-11-15 08:18:36,630 - DEBUG - Found IPv6 device: fe80::6a05:caff:feee:fd14%enp0s8
2025-11-15 08:18:36,630 - DEBUG - Found IPv6 device: fe80::5eed:8cff:fe36:b6aa%enp0s8
2025-11-15 08:18:36,630 - DEBUG - Found IPv6 device: fe80::5eed:8cff:fe36:c614%enp0s8
2025-11-15 08:18:36,630 - DEBUG - Found IPv6 device: fe80::9640:c9ff:fe17:da7e%enp0s8
2025-11-15 08:18:36,631 - DEBUG - Found IPv6 device: fe80::5eed:8cff:feab:480e%enp0s8
2025-11-15 08:18:36,631 - DEBUG - Found IPv6 device: fe80::5eed:8cff:fe36:b674%enp0s8
2025-11-15 08:18:36,631 - DEBUG - Found IPv6 device: fe80::5eed:8cff:fe01:2dfc%enp0s8
2025-11-15 08:18:36,632 - DEBUG - Found IPv6 device: fe80::9640:c9ff:fe17:76ca%enp0s8
2025-11-15 08:18:36,632 - DEBUG - Found IPv6 device: fe80::7ec2:55ff:feed:1412%enp0s8
2025-11-15 08:18:36,632 - DEBUG - Found IPv6 device: fe80::da1f:ccff:fe83:33a8%enp0s8
2025-11-15 08:18:36,633 - DEBUG - Found IPv6 device: fe80::9640:c9ff:fe1c:3e32%enp0s8
2025-11-15 08:18:36,633 - DEBUG - Found IPv6 device: fe80::2f12:a7f4:131b:4c95%enp0s8
2025-11-15 08:18:36,634 - DEBUG - Found IPv6 device: fe80::8e84:74ff:fec0:b310%enp0s8
2025-11-15 08:18:36,634 - DEBUG - Found IPv6 device: fe80::b56c:71f0:fb08:edfc%enp0s8
2025-11-15 08:18:36,635 - DEBUG - Found IPv6 device: fe80::f439:4ec2:bbe1:fe72%enp0s8
2025-11-15 08:18:36,635 - DEBUG - Found IPv6 device: fe80::9783:1311:29bf:a59c%enp0s8
2025-11-15 08:18:36,635 - DEBUG - Found IPv6 device: fe80::7ea6:2aff:fe6e:c730%enp0s8
2025-11-15 08:18:36,636 - DEBUG - Found IPv6 device: fe80::3381:20d5:c507:3e19%enp0s8
2025-11-15 08:18:36,636 - DEBUG - Found IPv6 device: fe80::c859:5d4c:26ce:318f%enp0s8
2025-11-15 08:18:36,636 - DEBUG - Found IPv6 device: fe80::7ea6:2aff:fe6e:ab6c%enp0s8
2025-11-15 08:18:36,637 - DEBUG - Found IPv6 device: fe80::9640:c9ff:fe1c:3d0c%enp0s8
2025-11-15 08:18:36,637 - DEBUG - Found IPv6 device: fe80::7ea6:2aff:fe6e:ab64%enp0s8
2025-11-15 08:18:36,637 - DEBUG - Found IPv6 device: fe80::7ea6:2aff:fe6e:8b1e%enp0s8
2025-11-15 08:18:36,638 - DEBUG - Found IPv6 device: fe80::9640:c9ff:fe1c:3df0%enp0s8
2025-11-15 08:18:36,638 - DEBUG - Found IPv6 device: fe80::da1f:ccff:fe89:29cc%enp0s8
2025-11-15 08:18:36,638 - DEBUG - Found IPv6 device: fe80::9640:c9ff:fe1c:3d00%enp0s8
2025-11-15 08:18:36,638 - DEBUG - Found IPv6 device: fe80::762d:6265:cb9e:e0da%enp0s8
2025-11-15 08:18:36,639 - DEBUG - Found IPv6 device: fe80::cfae:8a5a:8faa:d383%enp0s8
2025-11-15 08:18:36,639 - DEBUG - Found IPv6 device: fe80::63d1:c3c8:33b2:8f5a%enp0s8
2025-11-15 08:18:36,639 - DEBUG - Found IPv6 device: fe80::e90e:deb3:d28:eafc%enp0s8
2025-11-15 08:18:36,640 - DEBUG - Found IPv6 device: fe80::925a:8ff:fe1e:5086%enp0s8
2025-11-15 08:18:36,640 - DEBUG - Found IPv6 device: fe80::b696:91ff:fec9:c970%enp0s8
2025-11-15 08:18:36,640 - DEBUG - Found IPv6 device: fe80::323e:a7ff:fe01:6dfe%enp0s8
2025-11-15 08:18:36,641 - DEBUG - Found IPv6 device: fe80::2592:27a4:4208:84d0%enp0s8
2025-11-15 08:18:36,641 - DEBUG - Found IPv6 device: fe80::925a:8ff:fe1e:508a%enp0s8
2025-11-15 08:18:36,641 - DEBUG - Found IPv6 device: fe80::9640:c9ff:fe1c:3672%enp0s8
2025-11-15 08:18:36,641 - DEBUG - Found IPv6 device: fe80::4091:be03:6e4e:526%enp0s8
2025-11-15 08:18:36,641 - DEBUG - Found IPv6 device: fe80::7ec2:55ff:feed:138e%enp0s8
2025-11-15 08:18:36,641 - DEBUG - Found IPv6 device: fe80::35df:49bc:df42:ad58%enp0s8
2025-11-15 08:18:36,641 - DEBUG - Found IPv6 device: fe80::9640:c9ff:fe21:9958%enp0s8
2025-11-15 08:18:36,641 - DEBUG - Found IPv6 device: fe80::9640:c9ff:fe1c:3df2%enp0s8
2025-11-15 08:18:36,641 - DEBUG - Found IPv6 device: fe80::b2a1:f404:5a76:deaa%enp0s8
2025-11-15 08:18:36,641 - DEBUG - Found IPv6 device: fe80::38f3:35e4:617e:ad65%enp0s8
2025-11-15 08:18:36,641 - DEBUG - Found IPv6 device: fe80::9640:c9ff:fe17:76cc%enp0s8
2025-11-15 08:18:36,641 - DEBUG - Found IPv6 device: fe80::8e84:74ff:fec0:5620%enp0s8
2025-11-15 08:18:36,641 - DEBUG - Found IPv6 device: fe80::85a3:8d13:5eb8:2dde%enp0s8
2025-11-15 08:18:36,641 - DEBUG - Found IPv6 device: fe80::9f1b:a234:bb6a:1939%enp0s8
2025-11-15 08:18:36,641 - DEBUG - Found IPv6 device: fe80::925a:8ff:fe1e:4e16%enp0s8
2025-11-15 08:18:36,642 - DEBUG - Found IPv6 device: fe80::4a16:9721:f64a:38e3%enp0s8
2025-11-15 08:18:36,642 - DEBUG - Found IPv6 device: fe80::da1f:ccff:fefb:edc0%enp0s8
2025-11-15 08:18:36,642 - DEBUG - Found IPv6 device: fe80::9640:c9ff:fe1c:3da8%enp0s8
2025-11-15 08:18:36,642 - DEBUG - Found IPv6 device: fe80::85c1:5730:9ba3:d2c%enp0s8
2025-11-15 08:18:36,642 - DEBUG - Found IPv6 device: fe80::9640:c9ff:fe21:995a%enp0s8
2025-11-15 08:18:36,642 - DEBUG - Found IPv6 device: fe80::b696:91ff:fec8:7426%enp0s8
2025-11-15 08:18:36,642 - DEBUG - Found IPv6 device: fe80::8e84:74ff:fec0:95b0%enp0s8
2025-11-15 08:18:36,642 - DEBUG - Found IPv6 device: fe80::250:56ff:feb8:5b5c%enp0s8
2025-11-15 08:18:36,642 - DEBUG - Found IPv6 device: fe80::5af3:9cff:fea9:cd5a%enp0s8
2025-11-15 08:18:36,642 - DEBUG - Found IPv6 device: fe80::5af3:9cff:fea9:cb78%enp0s8
2025-11-15 08:18:36,643 - DEBUG - Found IPv6 device: fe80::250:56ff:feb8:b5e7%enp0s8
2025-11-15 08:18:36,643 - DEBUG - Found IPv6 device: fe80::250:56ff:feb8:4a0%enp0s8
2025-11-15 08:18:36,643 - DEBUG - Found IPv6 device: fe80::7ec2:55ff:feed:1272%enp0s8
2025-11-15 08:18:36,644 - DEBUG - Found IPv6 device: fe80::8e84:74ff:fed2:910%enp0s8
2025-11-15 08:18:36,644 - DEBUG - Found IPv6 device: fe80::7ec2:55ff:feed:14b6%enp0s8
2025-11-15 08:18:36,644 - DEBUG - Found IPv6 device: fe80::2403:ee50:59a9:ec30%enp0s8
2025-11-15 08:18:36,645 - DEBUG - Found IPv6 device: fe80::dac4:97ff:fe36:ab41%enp0s8
2025-11-15 08:18:36,645 - DEBUG - Found IPv6 device: fe80::323e:a7ff:fe2c:dd04%enp0s8
2025-11-15 08:18:36,646 - DEBUG - Found IPv6 device: fe80::323e:a7ff:fe32:b520%enp0s8
2025-11-15 08:18:36,646 - DEBUG - Found IPv6 device: fe80::dac4:97ff:fe36:aa9f%enp0s8
2025-11-15 08:18:36,646 - DEBUG - Found IPv6 device: fe80::dac4:97ff:fe36:7aea%enp0s8
2025-11-15 08:18:36,647 - DEBUG - Found IPv6 device: fe80::250:56ff:feb8:5535%enp0s8
2025-11-15 08:18:36,647 - DEBUG - Total IPv6 devices found: 84
2025-11-15 08:18:36,647 - DEBUG - Warning: Found 84 devices, limiting to first 50 for performance
2025-11-15 08:18:36,648 - INFO - Found 50 IPv6 devices
2025-11-15 08:18:36,648 - DEBUG - Found 50 IPv6 devices, starting discovery...
2025-11-15 08:18:36,648 - DEBUG - Starting server discovery phase...
2025-11-15 08:18:36,648 - DEBUG - Starting server discovery for 50 nodes
2025-11-15 08:18:36,649 - DEBUG - Phase 1: Quick IPMI port filtering...
2025-11-15 08:18:36,649 - DEBUG - Quick check 1/50: fe80::a00:27ff:fe50:fb24%enp0s8
2025-11-15 08:18:36,650 - DEBUG - Quick IPMI check for fe80::a00:27ff:fe50:fb24%enp0s8
2025-11-15 08:18:36,650 - DEBUG - Quick IPMI check fe80::a00:27ff:fe50:fb24%enp0s8: PASS
2025-11-15 08:18:36,651 - DEBUG - Added fe80::a00:27ff:fe50:fb24%enp0s8 to potential servers list
2025-11-15 08:18:36,651 - DEBUG - Quick check 2/50: fe80::323e:a7ff:fe32:b584%enp0s8
2025-11-15 08:18:36,652 - DEBUG - Quick IPMI check for fe80::323e:a7ff:fe32:b584%enp0s8
2025-11-15 08:18:36,652 - DEBUG - Quick IPMI check fe80::323e:a7ff:fe32:b584%enp0s8: PASS
2025-11-15 08:18:36,652 - DEBUG - Added fe80::323e:a7ff:fe32:b584%enp0s8 to potential servers list
2025-11-15 08:18:36,653 - DEBUG - Quick check 3/50: fe80::323e:a7ff:fe32:b588%enp0s8
2025-11-15 08:18:36,653 - DEBUG - Quick IPMI check for fe80::323e:a7ff:fe32:b588%enp0s8
2025-11-15 08:18:36,653 - DEBUG - Quick IPMI check fe80::323e:a7ff:fe32:b588%enp0s8: PASS
2025-11-15 08:18:36,654 - DEBUG - Added fe80::323e:a7ff:fe32:b588%enp0s8 to potential servers list
2025-11-15 08:18:36,654 - DEBUG - Quick check 4/50: fe80::5eed:8cff:fe36:b60e%enp0s8
2025-11-15 08:18:36,654 - DEBUG - Quick IPMI check for fe80::5eed:8cff:fe36:b60e%enp0s8
2025-11-15 08:18:36,655 - DEBUG - Quick IPMI check fe80::5eed:8cff:fe36:b60e%enp0s8: PASS
2025-11-15 08:18:36,655 - DEBUG - Added fe80::5eed:8cff:fe36:b60e%enp0s8 to potential servers list
2025-11-15 08:18:36,655 - DEBUG - Quick check 5/50: fe80::5eed:8cff:fe01:2dec%enp0s8
2025-11-15 08:18:36,655 - DEBUG - Quick IPMI check for fe80::5eed:8cff:fe01:2dec%enp0s8
2025-11-15 08:18:36,655 - DEBUG - Quick IPMI check fe80::5eed:8cff:fe01:2dec%enp0s8: PASS
2025-11-15 08:18:36,655 - DEBUG - Added fe80::5eed:8cff:fe01:2dec%enp0s8 to potential servers list
2025-11-15 08:18:36,656 - DEBUG - Quick check 6/50: fe80::5eed:8cff:fe01:2de8%enp0s8
2025-11-15 08:18:36,656 - DEBUG - Quick IPMI check for fe80::5eed:8cff:fe01:2de8%enp0s8
2025-11-15 08:18:36,657 - DEBUG - Quick IPMI check fe80::5eed:8cff:fe01:2de8%enp0s8: PASS
2025-11-15 08:18:36,657 - DEBUG - Added fe80::5eed:8cff:fe01:2de8%enp0s8 to potential servers list
2025-11-15 08:18:36,658 - DEBUG - Quick check 7/50: fe80::7ea6:2aff:fe6e:b652%enp0s8
2025-11-15 08:18:36,658 - DEBUG - Quick IPMI check for fe80::7ea6:2aff:fe6e:b652%enp0s8
2025-11-15 08:18:36,658 - DEBUG - Quick IPMI check fe80::7ea6:2aff:fe6e:b652%enp0s8: PASS
2025-11-15 08:18:36,659 - DEBUG - Added fe80::7ea6:2aff:fe6e:b652%enp0s8 to potential servers list
2025-11-15 08:18:36,659 - DEBUG - Quick check 8/50: fe80::7ea6:2aff:fe6d:724a%enp0s8
2025-11-15 08:18:36,659 - DEBUG - Quick IPMI check for fe80::7ea6:2aff:fe6d:724a%enp0s8
2025-11-15 08:18:36,659 - DEBUG - Quick IPMI check fe80::7ea6:2aff:fe6d:724a%enp0s8: PASS
2025-11-15 08:18:36,660 - DEBUG - Added fe80::7ea6:2aff:fe6d:724a%enp0s8 to potential servers list
2025-11-15 08:18:36,660 - DEBUG - Quick check 9/50: fe80::7ea6:2aff:fe6e:b726%enp0s8
2025-11-15 08:18:36,660 - DEBUG - Quick IPMI check for fe80::7ea6:2aff:fe6e:b726%enp0s8
2025-11-15 08:18:36,661 - DEBUG - Quick IPMI check fe80::7ea6:2aff:fe6e:b726%enp0s8: PASS
2025-11-15 08:18:36,661 - DEBUG - Added fe80::7ea6:2aff:fe6e:b726%enp0s8 to potential servers list
2025-11-15 08:18:36,662 - DEBUG - Quick check 10/50: fe80::9640:c9ff:fe1c:3670%enp0s8
2025-11-15 08:18:36,662 - DEBUG - Quick IPMI check for fe80::9640:c9ff:fe1c:3670%enp0s8
2025-11-15 08:18:36,662 - DEBUG - Quick IPMI check fe80::9640:c9ff:fe1c:3670%enp0s8: PASS
2025-11-15 08:18:36,663 - DEBUG - Added fe80::9640:c9ff:fe1c:3670%enp0s8 to potential servers list
2025-11-15 08:18:36,663 - DEBUG - Quick check 11/50: fe80::5eba:2cff:fe38:9948%enp0s8
2025-11-15 08:18:36,663 - DEBUG - Quick IPMI check for fe80::5eba:2cff:fe38:9948%enp0s8
2025-11-15 08:18:36,664 - DEBUG - Quick IPMI check fe80::5eba:2cff:fe38:9948%enp0s8: PASS
2025-11-15 08:18:36,664 - DEBUG - Added fe80::5eba:2cff:fe38:9948%enp0s8 to potential servers list
2025-11-15 08:18:36,665 - DEBUG - Quick check 12/50: fe80::5eed:8cff:fe01:2d68%enp0s8
2025-11-15 08:18:36,665 - DEBUG - Quick IPMI check for fe80::5eed:8cff:fe01:2d68%enp0s8
2025-11-15 08:18:36,666 - DEBUG - Quick IPMI check fe80::5eed:8cff:fe01:2d68%enp0s8: PASS
2025-11-15 08:18:36,666 - DEBUG - Added fe80::5eed:8cff:fe01:2d68%enp0s8 to potential servers list
2025-11-15 08:18:36,667 - DEBUG - Quick check 13/50: fe80::5eed:8cff:fe36:c630%enp0s8
2025-11-15 08:18:36,667 - DEBUG - Quick IPMI check for fe80::5eed:8cff:fe36:c630%enp0s8
2025-11-15 08:18:36,667 - DEBUG - Quick IPMI check fe80::5eed:8cff:fe36:c630%enp0s8: PASS
2025-11-15 08:18:36,668 - DEBUG - Added fe80::5eed:8cff:fe36:c630%enp0s8 to potential servers list
2025-11-15 08:18:36,668 - DEBUG - Quick check 14/50: fe80::7ea6:2aff:fe6e:cd2a%enp0s8
2025-11-15 08:18:36,668 - DEBUG - Quick IPMI check for fe80::7ea6:2aff:fe6e:cd2a%enp0s8
2025-11-15 08:18:36,668 - DEBUG - Quick IPMI check fe80::7ea6:2aff:fe6e:cd2a%enp0s8: PASS
2025-11-15 08:18:36,668 - DEBUG - Added fe80::7ea6:2aff:fe6e:cd2a%enp0s8 to potential servers list
2025-11-15 08:18:36,668 - DEBUG - Quick check 15/50: fe80::6a05:caff:feee:fd14%enp0s8
2025-11-15 08:18:36,668 - DEBUG - Quick IPMI check for fe80::6a05:caff:feee:fd14%enp0s8
2025-11-15 08:18:36,668 - DEBUG - Quick IPMI check fe80::6a05:caff:feee:fd14%enp0s8: PASS
2025-11-15 08:18:36,668 - DEBUG - Added fe80::6a05:caff:feee:fd14%enp0s8 to potential servers list
2025-11-15 08:18:36,668 - DEBUG - Quick check 16/50: fe80::5eed:8cff:fe36:b6aa%enp0s8
2025-11-15 08:18:36,668 - DEBUG - Quick IPMI check for fe80::5eed:8cff:fe36:b6aa%enp0s8
2025-11-15 08:18:36,668 - DEBUG - Quick IPMI check fe80::5eed:8cff:fe36:b6aa%enp0s8: PASS
2025-11-15 08:18:36,669 - DEBUG - Added fe80::5eed:8cff:fe36:b6aa%enp0s8 to potential servers list
2025-11-15 08:18:36,669 - DEBUG - Quick check 17/50: fe80::5eed:8cff:fe36:c614%enp0s8
2025-11-15 08:18:36,669 - DEBUG - Quick IPMI check for fe80::5eed:8cff:fe36:c614%enp0s8
2025-11-15 08:18:36,669 - DEBUG - Quick IPMI check fe80::5eed:8cff:fe36:c614%enp0s8: PASS
2025-11-15 08:18:36,669 - DEBUG - Added fe80::5eed:8cff:fe36:c614%enp0s8 to potential servers list
2025-11-15 08:18:36,669 - DEBUG - Quick check 18/50: fe80::9640:c9ff:fe17:da7e%enp0s8
2025-11-15 08:18:36,670 - DEBUG - Quick IPMI check for fe80::9640:c9ff:fe17:da7e%enp0s8
2025-11-15 08:18:36,670 - DEBUG - Quick IPMI check fe80::9640:c9ff:fe17:da7e%enp0s8: PASS
2025-11-15 08:18:36,671 - DEBUG - Added fe80::9640:c9ff:fe17:da7e%enp0s8 to potential servers list
2025-11-15 08:18:36,671 - DEBUG - Quick check 19/50: fe80::5eed:8cff:feab:480e%enp0s8
2025-11-15 08:18:36,671 - DEBUG - Quick IPMI check for fe80::5eed:8cff:feab:480e%enp0s8
2025-11-15 08:18:36,672 - DEBUG - Quick IPMI check fe80::5eed:8cff:feab:480e%enp0s8: PASS
2025-11-15 08:18:36,672 - DEBUG - Added fe80::5eed:8cff:feab:480e%enp0s8 to potential servers list
2025-11-15 08:18:36,673 - DEBUG - Quick check 20/50: fe80::5eed:8cff:fe36:b674%enp0s8
2025-11-15 08:18:36,673 - DEBUG - Quick IPMI check for fe80::5eed:8cff:fe36:b674%enp0s8
2025-11-15 08:18:36,674 - DEBUG - Quick IPMI check fe80::5eed:8cff:fe36:b674%enp0s8: PASS
2025-11-15 08:18:36,675 - DEBUG - Added fe80::5eed:8cff:fe36:b674%enp0s8 to potential servers list
2025-11-15 08:18:36,675 - DEBUG - Quick check 21/50: fe80::5eed:8cff:fe01:2dfc%enp0s8
2025-11-15 08:18:36,675 - DEBUG - Quick IPMI check for fe80::5eed:8cff:fe01:2dfc%enp0s8
2025-11-15 08:18:36,675 - DEBUG - Quick IPMI check fe80::5eed:8cff:fe01:2dfc%enp0s8: PASS
2025-11-15 08:18:36,676 - DEBUG - Added fe80::5eed:8cff:fe01:2dfc%enp0s8 to potential servers list
2025-11-15 08:18:36,676 - DEBUG - Quick check 22/50: fe80::9640:c9ff:fe17:76ca%enp0s8
2025-11-15 08:18:36,676 - DEBUG - Quick IPMI check for fe80::9640:c9ff:fe17:76ca%enp0s8
2025-11-15 08:18:36,677 - DEBUG - Quick IPMI check fe80::9640:c9ff:fe17:76ca%enp0s8: PASS
2025-11-15 08:18:36,677 - DEBUG - Added fe80::9640:c9ff:fe17:76ca%enp0s8 to potential servers list
2025-11-15 08:18:36,677 - DEBUG - Quick check 23/50: fe80::7ec2:55ff:feed:1412%enp0s8
2025-11-15 08:18:36,677 - DEBUG - Quick IPMI check for fe80::7ec2:55ff:feed:1412%enp0s8
2025-11-15 08:18:36,678 - DEBUG - Quick IPMI check fe80::7ec2:55ff:feed:1412%enp0s8: PASS
2025-11-15 08:18:36,678 - DEBUG - Added fe80::7ec2:55ff:feed:1412%enp0s8 to potential servers list
2025-11-15 08:18:36,678 - DEBUG - Quick check 24/50: fe80::da1f:ccff:fe83:33a8%enp0s8
2025-11-15 08:18:36,678 - DEBUG - Quick IPMI check for fe80::da1f:ccff:fe83:33a8%enp0s8
2025-11-15 08:18:36,678 - DEBUG - Quick IPMI check fe80::da1f:ccff:fe83:33a8%enp0s8: PASS
2025-11-15 08:18:36,678 - DEBUG - Added fe80::da1f:ccff:fe83:33a8%enp0s8 to potential servers list
2025-11-15 08:18:36,679 - DEBUG - Quick check 25/50: fe80::9640:c9ff:fe1c:3e32%enp0s8
2025-11-15 08:18:36,679 - DEBUG - Quick IPMI check for fe80::9640:c9ff:fe1c:3e32%enp0s8
2025-11-15 08:18:36,679 - DEBUG - Quick IPMI check fe80::9640:c9ff:fe1c:3e32%enp0s8: PASS
2025-11-15 08:18:36,680 - DEBUG - Added fe80::9640:c9ff:fe1c:3e32%enp0s8 to potential servers list
2025-11-15 08:18:36,680 - DEBUG - Quick check 26/50: fe80::2f12:a7f4:131b:4c95%enp0s8
2025-11-15 08:18:36,680 - DEBUG - Quick IPMI check for fe80::2f12:a7f4:131b:4c95%enp0s8
2025-11-15 08:18:36,681 - DEBUG - Quick IPMI check fe80::2f12:a7f4:131b:4c95%enp0s8: PASS
2025-11-15 08:18:36,681 - DEBUG - Added fe80::2f12:a7f4:131b:4c95%enp0s8 to potential servers list
2025-11-15 08:18:36,682 - DEBUG - Quick check 27/50: fe80::8e84:74ff:fec0:b310%enp0s8
2025-11-15 08:18:36,682 - DEBUG - Quick IPMI check for fe80::8e84:74ff:fec0:b310%enp0s8
2025-11-15 08:18:36,682 - DEBUG - Quick IPMI check fe80::8e84:74ff:fec0:b310%enp0s8: PASS
2025-11-15 08:18:36,683 - DEBUG - Added fe80::8e84:74ff:fec0:b310%enp0s8 to potential servers list
2025-11-15 08:18:36,683 - DEBUG - Quick check 28/50: fe80::b56c:71f0:fb08:edfc%enp0s8
2025-11-15 08:18:36,683 - DEBUG - Quick IPMI check for fe80::b56c:71f0:fb08:edfc%enp0s8
2025-11-15 08:18:36,683 - DEBUG - Quick IPMI check fe80::b56c:71f0:fb08:edfc%enp0s8: PASS
2025-11-15 08:18:36,684 - DEBUG - Added fe80::b56c:71f0:fb08:edfc%enp0s8 to potential servers list
2025-11-15 08:18:36,684 - DEBUG - Quick check 29/50: fe80::f439:4ec2:bbe1:fe72%enp0s8
2025-11-15 08:18:36,685 - DEBUG - Quick IPMI check for fe80::f439:4ec2:bbe1:fe72%enp0s8
2025-11-15 08:18:36,685 - DEBUG - Quick IPMI check fe80::f439:4ec2:bbe1:fe72%enp0s8: PASS
2025-11-15 08:18:36,686 - DEBUG - Added fe80::f439:4ec2:bbe1:fe72%enp0s8 to potential servers list
2025-11-15 08:18:36,686 - DEBUG - Quick check 30/50: fe80::9783:1311:29bf:a59c%enp0s8
2025-11-15 08:18:36,686 - DEBUG - Quick IPMI check for fe80::9783:1311:29bf:a59c%enp0s8
2025-11-15 08:18:36,686 - DEBUG - Quick IPMI check fe80::9783:1311:29bf:a59c%enp0s8: PASS
2025-11-15 08:18:36,687 - DEBUG - Added fe80::9783:1311:29bf:a59c%enp0s8 to potential servers list
2025-11-15 08:18:36,687 - DEBUG - Quick check 31/50: fe80::7ea6:2aff:fe6e:c730%enp0s8
2025-11-15 08:18:36,688 - DEBUG - Quick IPMI check for fe80::7ea6:2aff:fe6e:c730%enp0s8
2025-11-15 08:18:36,688 - DEBUG - Quick IPMI check fe80::7ea6:2aff:fe6e:c730%enp0s8: PASS
2025-11-15 08:18:36,688 - DEBUG - Added fe80::7ea6:2aff:fe6e:c730%enp0s8 to potential servers list
2025-11-15 08:18:36,688 - DEBUG - Quick check 32/50: fe80::3381:20d5:c507:3e19%enp0s8
2025-11-15 08:18:36,688 - DEBUG - Quick IPMI check for fe80::3381:20d5:c507:3e19%enp0s8
2025-11-15 08:18:36,688 - DEBUG - Quick IPMI check fe80::3381:20d5:c507:3e19%enp0s8: PASS
2025-11-15 08:18:36,688 - DEBUG - Added fe80::3381:20d5:c507:3e19%enp0s8 to potential servers list
2025-11-15 08:18:36,689 - DEBUG - Quick check 33/50: fe80::c859:5d4c:26ce:318f%enp0s8
2025-11-15 08:18:36,689 - DEBUG - Quick IPMI check for fe80::c859:5d4c:26ce:318f%enp0s8
2025-11-15 08:18:36,689 - DEBUG - Quick IPMI check fe80::c859:5d4c:26ce:318f%enp0s8: PASS
2025-11-15 08:18:36,689 - DEBUG - Added fe80::c859:5d4c:26ce:318f%enp0s8 to potential servers list
2025-11-15 08:18:36,689 - DEBUG - Quick check 34/50: fe80::7ea6:2aff:fe6e:ab6c%enp0s8
2025-11-15 08:18:36,689 - DEBUG - Quick IPMI check for fe80::7ea6:2aff:fe6e:ab6c%enp0s8
2025-11-15 08:18:36,689 - DEBUG - Quick IPMI check fe80::7ea6:2aff:fe6e:ab6c%enp0s8: PASS
2025-11-15 08:18:36,690 - DEBUG - Added fe80::7ea6:2aff:fe6e:ab6c%enp0s8 to potential servers list
2025-11-15 08:18:36,690 - DEBUG - Quick check 35/50: fe80::9640:c9ff:fe1c:3d0c%enp0s8
2025-11-15 08:18:36,691 - DEBUG - Quick IPMI check for fe80::9640:c9ff:fe1c:3d0c%enp0s8
2025-11-15 08:18:36,691 - DEBUG - Quick IPMI check fe80::9640:c9ff:fe1c:3d0c%enp0s8: PASS
2025-11-15 08:18:36,692 - DEBUG - Added fe80::9640:c9ff:fe1c:3d0c%enp0s8 to potential servers list
2025-11-15 08:18:36,692 - DEBUG - Quick check 36/50: fe80::7ea6:2aff:fe6e:ab64%enp0s8
2025-11-15 08:18:36,693 - DEBUG - Quick IPMI check for fe80::7ea6:2aff:fe6e:ab64%enp0s8
2025-11-15 08:18:36,693 - DEBUG - Quick IPMI check fe80::7ea6:2aff:fe6e:ab64%enp0s8: PASS
2025-11-15 08:18:36,694 - DEBUG - Added fe80::7ea6:2aff:fe6e:ab64%enp0s8 to potential servers list
2025-11-15 08:18:36,694 - DEBUG - Quick check 37/50: fe80::7ea6:2aff:fe6e:8b1e%enp0s8
2025-11-15 08:18:36,695 - DEBUG - Quick IPMI check for fe80::7ea6:2aff:fe6e:8b1e%enp0s8
2025-11-15 08:18:36,695 - DEBUG - Quick IPMI check fe80::7ea6:2aff:fe6e:8b1e%enp0s8: PASS
2025-11-15 08:18:36,696 - DEBUG - Added fe80::7ea6:2aff:fe6e:8b1e%enp0s8 to potential servers list
2025-11-15 08:18:36,696 - DEBUG - Quick check 38/50: fe80::9640:c9ff:fe1c:3df0%enp0s8
2025-11-15 08:18:36,696 - DEBUG - Quick IPMI check for fe80::9640:c9ff:fe1c:3df0%enp0s8
2025-11-15 08:18:36,697 - DEBUG - Quick IPMI check fe80::9640:c9ff:fe1c:3df0%enp0s8: PASS
2025-11-15 08:18:36,697 - DEBUG - Added fe80::9640:c9ff:fe1c:3df0%enp0s8 to potential servers list
2025-11-15 08:18:36,697 - DEBUG - Quick check 39/50: fe80::da1f:ccff:fe89:29cc%enp0s8
2025-11-15 08:18:36,698 - DEBUG - Quick IPMI check for fe80::da1f:ccff:fe89:29cc%enp0s8
2025-11-15 08:18:36,698 - DEBUG - Quick IPMI check fe80::da1f:ccff:fe89:29cc%enp0s8: PASS
2025-11-15 08:18:36,699 - DEBUG - Added fe80::da1f:ccff:fe89:29cc%enp0s8 to potential servers list
2025-11-15 08:18:36,699 - DEBUG - Quick check 40/50: fe80::9640:c9ff:fe1c:3d00%enp0s8
2025-11-15 08:18:36,699 - DEBUG - Quick IPMI check for fe80::9640:c9ff:fe1c:3d00%enp0s8
2025-11-15 08:18:36,700 - DEBUG - Quick IPMI check fe80::9640:c9ff:fe1c:3d00%enp0s8: PASS
2025-11-15 08:18:36,700 - DEBUG - Added fe80::9640:c9ff:fe1c:3d00%enp0s8 to potential servers list
2025-11-15 08:18:36,700 - DEBUG - Quick check 41/50: fe80::762d:6265:cb9e:e0da%enp0s8
2025-11-15 08:18:36,700 - DEBUG - Quick IPMI check for fe80::762d:6265:cb9e:e0da%enp0s8
2025-11-15 08:18:36,701 - DEBUG - Quick IPMI check fe80::762d:6265:cb9e:e0da%enp0s8: PASS
2025-11-15 08:18:36,701 - DEBUG - Added fe80::762d:6265:cb9e:e0da%enp0s8 to potential servers list
2025-11-15 08:18:36,701 - DEBUG - Quick check 42/50: fe80::cfae:8a5a:8faa:d383%enp0s8
2025-11-15 08:18:36,701 - DEBUG - Quick IPMI check for fe80::cfae:8a5a:8faa:d383%enp0s8
2025-11-15 08:18:36,701 - DEBUG - Quick IPMI check fe80::cfae:8a5a:8faa:d383%enp0s8: PASS
2025-11-15 08:18:36,701 - DEBUG - Added fe80::cfae:8a5a:8faa:d383%enp0s8 to potential servers list
2025-11-15 08:18:36,701 - DEBUG - Quick check 43/50: fe80::63d1:c3c8:33b2:8f5a%enp0s8
2025-11-15 08:18:36,701 - DEBUG - Quick IPMI check for fe80::63d1:c3c8:33b2:8f5a%enp0s8
2025-11-15 08:18:36,702 - DEBUG - Quick IPMI check fe80::63d1:c3c8:33b2:8f5a%enp0s8: PASS
2025-11-15 08:18:36,702 - DEBUG - Added fe80::63d1:c3c8:33b2:8f5a%enp0s8 to potential servers list
2025-11-15 08:18:36,703 - DEBUG - Quick check 44/50: fe80::e90e:deb3:d28:eafc%enp0s8
2025-11-15 08:18:36,703 - DEBUG - Quick IPMI check for fe80::e90e:deb3:d28:eafc%enp0s8
2025-11-15 08:18:36,703 - DEBUG - Quick IPMI check fe80::e90e:deb3:d28:eafc%enp0s8: PASS
2025-11-15 08:18:36,704 - DEBUG - Added fe80::e90e:deb3:d28:eafc%enp0s8 to potential servers list
2025-11-15 08:18:36,705 - DEBUG - Quick check 45/50: fe80::925a:8ff:fe1e:5086%enp0s8
2025-11-15 08:18:36,706 - DEBUG - Quick IPMI check for fe80::925a:8ff:fe1e:5086%enp0s8
2025-11-15 08:18:36,707 - DEBUG - Quick IPMI check fe80::925a:8ff:fe1e:5086%enp0s8: PASS
2025-11-15 08:18:36,709 - DEBUG - Added fe80::925a:8ff:fe1e:5086%enp0s8 to potential servers list
2025-11-15 08:18:36,709 - DEBUG - Quick check 46/50: fe80::b696:91ff:fec9:c970%enp0s8
2025-11-15 08:18:36,710 - DEBUG - Quick IPMI check for fe80::b696:91ff:fec9:c970%enp0s8
2025-11-15 08:18:36,710 - DEBUG - Quick IPMI check fe80::b696:91ff:fec9:c970%enp0s8: PASS
2025-11-15 08:18:36,710 - DEBUG - Added fe80::b696:91ff:fec9:c970%enp0s8 to potential servers list
2025-11-15 08:18:36,711 - DEBUG - Quick check 47/50: fe80::323e:a7ff:fe01:6dfe%enp0s8
2025-11-15 08:18:36,711 - DEBUG - Quick IPMI check for fe80::323e:a7ff:fe01:6dfe%enp0s8
2025-11-15 08:18:36,712 - DEBUG - Quick IPMI check fe80::323e:a7ff:fe01:6dfe%enp0s8: PASS
2025-11-15 08:18:36,712 - DEBUG - Added fe80::323e:a7ff:fe01:6dfe%enp0s8 to potential servers list
2025-11-15 08:18:36,713 - DEBUG - Quick check 48/50: fe80::2592:27a4:4208:84d0%enp0s8
2025-11-15 08:18:36,713 - DEBUG - Quick IPMI check for fe80::2592:27a4:4208:84d0%enp0s8
2025-11-15 08:18:36,713 - DEBUG - Quick IPMI check fe80::2592:27a4:4208:84d0%enp0s8: PASS
2025-11-15 08:18:36,714 - DEBUG - Added fe80::2592:27a4:4208:84d0%enp0s8 to potential servers list
2025-11-15 08:18:36,714 - DEBUG - Quick check 49/50: fe80::925a:8ff:fe1e:508a%enp0s8
2025-11-15 08:18:36,714 - DEBUG - Quick IPMI check for fe80::925a:8ff:fe1e:508a%enp0s8
2025-11-15 08:18:36,714 - DEBUG - Quick IPMI check fe80::925a:8ff:fe1e:508a%enp0s8: PASS
2025-11-15 08:18:36,714 - DEBUG - Added fe80::925a:8ff:fe1e:508a%enp0s8 to potential servers list
2025-11-15 08:18:36,715 - DEBUG - Quick check 50/50: fe80::9640:c9ff:fe1c:3672%enp0s8
2025-11-15 08:18:36,715 - DEBUG - Quick IPMI check for fe80::9640:c9ff:fe1c:3672%enp0s8
2025-11-15 08:18:36,715 - DEBUG - Quick IPMI check fe80::9640:c9ff:fe1c:3672%enp0s8: PASS
2025-11-15 08:18:36,716 - DEBUG - Added fe80::9640:c9ff:fe1c:3672%enp0s8 to potential servers list
2025-11-15 08:18:36,716 - DEBUG - Phase 1 complete: 50 potential servers out of 50 IPv6 devices
2025-11-15 08:18:36,717 - DEBUG - Phase 2: Detailed server discovery...
2025-11-15 08:18:36,717 - DEBUG - Processing server 1/50: fe80::a00:27ff:fe50:fb24%enp0s8
2025-11-15 08:18:36,717 - DEBUG - Fast server discovery for fe80::a00:27ff:fe50:fb24%enp0s8 with username admin
2025-11-15 08:18:36,718 - DEBUG - Attempting fast Redfish connection to https://[fe80::a00:27ff:fe50:fb24%25enp0s8]/redfish/v1/Systems/1
2025-11-15 08:18:36,723 - DEBUG - Starting new HTTPS connection (1): fe80::a00:27ff:fe50:fb24%enp0s8:443
2025-11-15 08:18:36,724 - DEBUG - Exception during fast server discovery for fe80::a00:27ff:fe50:fb24%enp0s8: HTTPSConnectionPool(host='fe80::a00:27ff:fe50:fb24%enp0s8', port=443): Max retries exceeded with url: /redfish/v1/Systems/1 (Caused by NewConnectionError('<urllib3.connection.HTTPSConnection object at 0x767ddbb1b7c0>: Failed to establish a new connection: [Errno 111] Connection refused'))
2025-11-15 08:18:36,725 - DEBUG - No server discovered at fe80::a00:27ff:fe50:fb24%enp0s8
2025-11-15 08:18:36,726 - DEBUG - Processing server 2/50: fe80::323e:a7ff:fe32:b584%enp0s8
2025-11-15 08:18:36,726 - DEBUG - Fast server discovery for fe80::323e:a7ff:fe32:b584%enp0s8 with username admin
2025-11-15 08:18:36,726 - DEBUG - Attempting fast Redfish connection to https://[fe80::323e:a7ff:fe32:b584%25enp0s8]/redfish/v1/Systems/1
2025-11-15 08:18:36,731 - DEBUG - Starting new HTTPS connection (1): fe80::323e:a7ff:fe32:b584%enp0s8:443
2025-11-15 08:18:39,735 - DEBUG - Exception during fast server discovery for fe80::323e:a7ff:fe32:b584%enp0s8: HTTPSConnectionPool(host='fe80::323e:a7ff:fe32:b584%enp0s8', port=443): Max retries exceeded with url: /redfish/v1/Systems/1 (Caused by ConnectTimeoutError(<urllib3.connection.HTTPSConnection object at 0x767ddbb1b0d0>, 'Connection to fe80::323e:a7ff:fe32:b584%enp0s8 timed out. (connect timeout=3)'))
2025-11-15 08:18:39,736 - DEBUG - No server discovered at fe80::323e:a7ff:fe32:b584%enp0s8
2025-11-15 08:18:39,737 - DEBUG - Processing server 3/50: fe80::323e:a7ff:fe32:b588%enp0s8
2025-11-15 08:18:39,737 - DEBUG - Fast server discovery for fe80::323e:a7ff:fe32:b588%enp0s8 with username admin
2025-11-15 08:18:39,737 - DEBUG - Attempting fast Redfish connection to https://[fe80::323e:a7ff:fe32:b588%25enp0s8]/redfish/v1/Systems/1
2025-11-15 08:18:39,739 - DEBUG - Starting new HTTPS connection (1): fe80::323e:a7ff:fe32:b588%enp0s8:443
2025-11-15 08:18:42,743 - DEBUG - Exception during fast server discovery for fe80::323e:a7ff:fe32:b588%enp0s8: HTTPSConnectionPool(host='fe80::323e:a7ff:fe32:b588%enp0s8', port=443): Max retries exceeded with url: /redfish/v1/Systems/1 (Caused by ConnectTimeoutError(<urllib3.connection.HTTPSConnection object at 0x767ddbb1a9e0>, 'Connection to fe80::323e:a7ff:fe32:b588%enp0s8 timed out. (connect timeout=3)'))
2025-11-15 08:18:42,745 - DEBUG - No server discovered at fe80::323e:a7ff:fe32:b588%enp0s8
2025-11-15 08:18:42,746 - DEBUG - Processing server 4/50: fe80::5eed:8cff:fe36:b60e%enp0s8
2025-11-15 08:18:42,746 - DEBUG - Fast server discovery for fe80::5eed:8cff:fe36:b60e%enp0s8 with username admin
2025-11-15 08:18:42,747 - DEBUG - Attempting fast Redfish connection to https://[fe80::5eed:8cff:fe36:b60e%25enp0s8]/redfish/v1/Systems/1
2025-11-15 08:18:42,751 - DEBUG - Starting new HTTPS connection (1): fe80::5eed:8cff:fe36:b60e%enp0s8:443
2025-11-15 08:18:43,648 - DEBUG - https://fe80::5eed:8cff:fe36:b60e%enp0s8:443 "GET /redfish/v1/Systems/1 HTTP/1.1" 200 None
2025-11-15 08:18:43,661 - DEBUG - Redfish response status: 200
2025-11-15 08:18:43,664 - DEBUG - Server info - SKU: NA, Model: Hitachi Advanced Server HA820 G3, Serial: CNX24401KF
2025-11-15 08:18:43,664 - DEBUG - Identified server type: HA_Server
2025-11-15 08:18:43,664 - DEBUG - Attempting to resolve IPv4 for fe80::5eed:8cff:fe36:b60e%enp0s8
2025-11-15 08:18:43,665 - DEBUG - Cleaned IPv6: fe80::5eed:8cff:fe36:b60e
2025-11-15 08:18:43,684 - DEBUG - IPv6 neighbor table result: fe80::e90e:deb3:d28:eafc dev enp0s8 lladdr 7c:c2:55:ea:a9:cb DELAY
fe80::9640:c9ff:fe1c:3672 dev enp0s8 lladdr 94:40:c9:1c:36:72 DELAY
fe80::7ea6:2aff:fe6e:ab6c dev enp0s8 lladdr 7c:a6:2a:6e:ab:6c DEL...
2025-11-15 08:18:43,686 - DEBUG - Found line: fe80::5eed:8cff:fe36:b60e dev enp0s8 lladdr 5c:ed:8c:36:b6:0e DELAY
2025-11-15 08:18:43,686 - DEBUG - Found MAC 5c:ed:8c:36:b6:0e for fe80::5eed:8cff:fe36:b60e%enp0s8
2025-11-15 08:18:43,702 - DEBUG - IPv4 neighbor table result: 172.23.55.109 dev enp0s8 lladdr 94:40:c9:1c:3d:f0 STALE
172.23.55.102 dev enp0s8 lladdr 7c:a6:2a:6e:ab:6c STALE
172.23.55.41 dev enp0s8  FAILED
172.23.54.18 dev enp0s8  FAILED
172.23.54.3 dev enp0s8  ...
2025-11-15 08:18:43,703 - DEBUG - Attempting direct REST query for fe80::5eed:8cff:fe36:b60e
2025-11-15 08:18:43,704 - DEBUG - Trying URL: https://[fe80::5eed:8cff:fe36:b60e]/redfish/v1/Managers/BMC/EthernetInterfaces/1
2025-11-15 08:18:43,709 - DEBUG - Starting new HTTPS connection (1): fe80::5eed:8cff:fe36:b60e:443
2025-11-15 08:18:43,711 - DEBUG - Direct query failed: HTTPSConnectionPool(host='fe80::5eed:8cff:fe36:b60e', port=443): Max retries exceeded with url: /redfish/v1/Managers/BMC/EthernetInterfaces/1 (Caused by NewConnectionError('<urllib3.connection.HTTPSConnection object at 0x767ddbb1afb0>: Failed to establish a new connection: [Errno 22] Invalid argument'))
2025-11-15 08:18:43,711 - DEBUG - Trying known working IP ranges with correlation...
2025-11-15 08:18:43,711 - DEBUG - Scanning range 172.23.55.90-119
2025-11-15 08:18:46,728 - DEBUG - Correlating 172.23.55.93 with fe80::5eed:8cff:fe36:b60e%enp0s8
2025-11-15 08:18:46,733 - DEBUG - Starting new HTTPS connection (1): 172.23.55.93:443
2025-11-15 08:18:48,853 - DEBUG - Correlating 172.23.55.94 with fe80::5eed:8cff:fe36:b60e%enp0s8
2025-11-15 08:18:48,860 - DEBUG - Starting new HTTPS connection (1): 172.23.55.94:443
2025-11-15 08:18:49,135 - DEBUG - https://172.23.55.94:443 "GET /redfish/v1 HTTP/1.1" 200 1611
2025-11-15 08:18:49,145 - DEBUG - Found correlated IPv4 172.23.55.94 for fe80::5eed:8cff:fe36:b60e%enp0s8
2025-11-15 08:18:49,146 - DEBUG - Resolved IPv4 address 172.23.55.94 for server fe80::5eed:8cff:fe36:b60e%enp0s8
2025-11-15 08:18:49,147 - DEBUG - Successfully discovered server: HA_Server
2025-11-15 08:18:49,147 - DEBUG - Processing server 5/50: fe80::5eed:8cff:fe01:2dec%enp0s8
2025-11-15 08:18:49,148 - DEBUG - Fast server discovery for fe80::5eed:8cff:fe01:2dec%enp0s8 with username admin
2025-11-15 08:18:49,148 - DEBUG - Attempting fast Redfish connection to https://[fe80::5eed:8cff:fe01:2dec%25enp0s8]/redfish/v1/Systems/1
2025-11-15 08:18:49,150 - DEBUG - Starting new HTTPS connection (1): fe80::5eed:8cff:fe01:2dec%enp0s8:443
2025-11-15 08:18:49,738 - DEBUG - https://fe80::5eed:8cff:fe01:2dec%enp0s8:443 "GET /redfish/v1/Systems/1 HTTP/1.1" 200 None
2025-11-15 08:18:49,745 - DEBUG - Redfish response status: 200
2025-11-15 08:18:49,746 - DEBUG - Server info - SKU: P60577-B21, Model: Hitachi Advanced Server HA815 G3, Serial: SGH323YN20
2025-11-15 08:18:49,746 - DEBUG - Identified server type: HA_Server
2025-11-15 08:18:49,747 - DEBUG - Attempting to resolve IPv4 for fe80::5eed:8cff:fe01:2dec%enp0s8
2025-11-15 08:18:49,747 - DEBUG - Cleaned IPv6: fe80::5eed:8cff:fe01:2dec
2025-11-15 08:18:49,752 - DEBUG - IPv6 neighbor table result: fe80::e90e:deb3:d28:eafc dev enp0s8 lladdr 7c:c2:55:ea:a9:cb REACHABLE
fe80::9640:c9ff:fe1c:3672 dev enp0s8 lladdr 94:40:c9:1c:36:72 REACHABLE
fe80::7ea6:2aff:fe6e:ab6c dev enp0s8 lladdr 7c:a6:2a:6e:a...
2025-11-15 08:18:49,752 - DEBUG - Found line: fe80::5eed:8cff:fe01:2dec dev enp0s8 lladdr 5c:ed:8c:01:2d:ec REACHABLE
2025-11-15 08:18:49,753 - DEBUG - Found MAC 5c:ed:8c:01:2d:ec for fe80::5eed:8cff:fe01:2dec%enp0s8
2025-11-15 08:18:49,759 - DEBUG - IPv4 neighbor table result: 172.23.55.109 dev enp0s8 lladdr 94:40:c9:1c:3d:f0 STALE
172.23.55.102 dev enp0s8 lladdr 7c:a6:2a:6e:ab:6c STALE
172.23.55.41 dev enp0s8  FAILED
172.23.54.18 dev enp0s8  FAILED
172.23.54.3 dev enp0s8  ...
2025-11-15 08:18:49,760 - DEBUG - Found IPv4 172.23.55.117 via MAC mapping
2025-11-15 08:18:49,760 - DEBUG - Resolved IPv4 address 172.23.55.117 for server fe80::5eed:8cff:fe01:2dec%enp0s8
2025-11-15 08:18:49,761 - DEBUG - Successfully discovered server: HA_Server
2025-11-15 08:18:49,761 - DEBUG - Processing server 6/50: fe80::5eed:8cff:fe01:2de8%enp0s8
2025-11-15 08:18:49,761 - DEBUG - Fast server discovery for fe80::5eed:8cff:fe01:2de8%enp0s8 with username admin
2025-11-15 08:18:49,761 - DEBUG - Attempting fast Redfish connection to https://[fe80::5eed:8cff:fe01:2de8%25enp0s8]/redfish/v1/Systems/1
2025-11-15 08:18:49,763 - DEBUG - Starting new HTTPS connection (1): fe80::5eed:8cff:fe01:2de8%enp0s8:443
2025-11-15 08:18:53,080 - DEBUG - Exception during fast server discovery for fe80::5eed:8cff:fe01:2de8%enp0s8: HTTPSConnectionPool(host='fe80::5eed:8cff:fe01:2de8%enp0s8', port=443): Read timed out. (read timeout=3)
2025-11-15 08:18:53,080 - DEBUG - No server discovered at fe80::5eed:8cff:fe01:2de8%enp0s8
2025-11-15 08:18:53,081 - DEBUG - Processing server 7/50: fe80::7ea6:2aff:fe6e:b652%enp0s8
2025-11-15 08:18:53,082 - DEBUG - Fast server discovery for fe80::7ea6:2aff:fe6e:b652%enp0s8 with username admin
2025-11-15 08:18:53,082 - DEBUG - Attempting fast Redfish connection to https://[fe80::7ea6:2aff:fe6e:b652%25enp0s8]/redfish/v1/Systems/1
2025-11-15 08:18:53,087 - DEBUG - Starting new HTTPS connection (1): fe80::7ea6:2aff:fe6e:b652%enp0s8:443
2025-11-15 08:18:53,348 - DEBUG - https://fe80::7ea6:2aff:fe6e:b652%enp0s8:443 "GET /redfish/v1/Systems/1 HTTP/1.1" 200 None
2025-11-15 08:18:53,357 - DEBUG - Redfish response status: 200
2025-11-15 08:18:53,358 - DEBUG - Server info - SKU: P77820-B21, Model: Hitachi Advanced Server HA820 G6, Serial: 2M2D3001ZX
2025-11-15 08:18:53,358 - DEBUG - Identified server type: HA_Server
2025-11-15 08:18:53,358 - DEBUG - Attempting to resolve IPv4 for fe80::7ea6:2aff:fe6e:b652%enp0s8
2025-11-15 08:18:53,358 - DEBUG - Cleaned IPv6: fe80::7ea6:2aff:fe6e:b652
2025-11-15 08:18:53,371 - DEBUG - IPv6 neighbor table result: fe80::e90e:deb3:d28:eafc dev enp0s8 lladdr 7c:c2:55:ea:a9:cb REACHABLE
fe80::9640:c9ff:fe1c:3672 dev enp0s8 lladdr 94:40:c9:1c:36:72 REACHABLE
fe80::7ea6:2aff:fe6e:ab6c dev enp0s8 lladdr 7c:a6:2a:6e:a...
2025-11-15 08:18:53,371 - DEBUG - Found line: fe80::7ea6:2aff:fe6e:b652 dev enp0s8 lladdr 7c:a6:2a:6e:b6:52 REACHABLE
2025-11-15 08:18:53,372 - DEBUG - Found MAC 7c:a6:2a:6e:b6:52 for fe80::7ea6:2aff:fe6e:b652%enp0s8
2025-11-15 08:18:53,381 - DEBUG - IPv4 neighbor table result: 172.23.55.109 dev enp0s8 lladdr 94:40:c9:1c:3d:f0 STALE
172.23.55.102 dev enp0s8 lladdr 7c:a6:2a:6e:ab:6c STALE
172.23.55.41 dev enp0s8  FAILED
172.23.54.18 dev enp0s8  FAILED
172.23.54.3 dev enp0s8  ...
2025-11-15 08:18:53,382 - DEBUG - Found IPv4 172.23.55.99 via MAC mapping
2025-11-15 08:18:53,383 - DEBUG - Resolved IPv4 address 172.23.55.99 for server fe80::7ea6:2aff:fe6e:b652%enp0s8
2025-11-15 08:18:53,384 - DEBUG - Successfully discovered server: HA_Server
2025-11-15 08:18:53,384 - DEBUG - Processing server 8/50: fe80::7ea6:2aff:fe6d:724a%enp0s8
2025-11-15 08:18:53,384 - DEBUG - Fast server discovery for fe80::7ea6:2aff:fe6d:724a%enp0s8 with username admin
2025-11-15 08:18:53,384 - DEBUG - Attempting fast Redfish connection to https://[fe80::7ea6:2aff:fe6d:724a%25enp0s8]/redfish/v1/Systems/1
2025-11-15 08:18:53,388 - DEBUG - Starting new HTTPS connection (1): fe80::7ea6:2aff:fe6d:724a%enp0s8:443
2025-11-15 08:18:53,763 - DEBUG - https://fe80::7ea6:2aff:fe6d:724a%enp0s8:443 "GET /redfish/v1/Systems/1 HTTP/1.1" 200 None
2025-11-15 08:18:53,770 - DEBUG - Redfish response status: 200
2025-11-15 08:18:53,771 - DEBUG - Server info - SKU: P77820-B21, Model: Hitachi Advanced Server HA820 G6, Serial: 2M2D3001ZY
2025-11-15 08:18:53,772 - DEBUG - Identified server type: HA_Server
2025-11-15 08:18:53,773 - DEBUG - Attempting to resolve IPv4 for fe80::7ea6:2aff:fe6d:724a%enp0s8
2025-11-15 08:18:53,773 - DEBUG - Cleaned IPv6: fe80::7ea6:2aff:fe6d:724a
2025-11-15 08:18:53,794 - DEBUG - IPv6 neighbor table result: fe80::e90e:deb3:d28:eafc dev enp0s8 lladdr 7c:c2:55:ea:a9:cb REACHABLE
fe80::9640:c9ff:fe1c:3672 dev enp0s8 lladdr 94:40:c9:1c:36:72 REACHABLE
fe80::7ea6:2aff:fe6e:ab6c dev enp0s8 lladdr 7c:a6:2a:6e:a...
2025-11-15 08:18:53,795 - DEBUG - Found line: fe80::7ea6:2aff:fe6d:724a dev enp0s8 lladdr 7c:a6:2a:6d:72:4a REACHABLE
2025-11-15 08:18:53,795 - DEBUG - Found MAC 7c:a6:2a:6d:72:4a for fe80::7ea6:2aff:fe6d:724a%enp0s8
2025-11-15 08:18:53,805 - DEBUG - IPv4 neighbor table result: 172.23.55.109 dev enp0s8 lladdr 94:40:c9:1c:3d:f0 STALE
172.23.55.102 dev enp0s8 lladdr 7c:a6:2a:6e:ab:6c STALE
172.23.55.41 dev enp0s8  FAILED
172.23.54.18 dev enp0s8  FAILED
172.23.54.3 dev enp0s8  ...
2025-11-15 08:18:53,806 - DEBUG - Found IPv4 172.23.55.97 via MAC mapping
2025-11-15 08:18:53,806 - DEBUG - Resolved IPv4 address 172.23.55.97 for server fe80::7ea6:2aff:fe6d:724a%enp0s8
2025-11-15 08:18:53,806 - DEBUG - Successfully discovered server: HA_Server
2025-11-15 08:18:53,807 - DEBUG - Processing server 9/50: fe80::7ea6:2aff:fe6e:b726%enp0s8
2025-11-15 08:18:53,807 - DEBUG - Fast server discovery for fe80::7ea6:2aff:fe6e:b726%enp0s8 with username admin
2025-11-15 08:18:53,807 - DEBUG - Attempting fast Redfish connection to https://[fe80::7ea6:2aff:fe6e:b726%25enp0s8]/redfish/v1/Systems/1
2025-11-15 08:18:53,810 - DEBUG - Starting new HTTPS connection (1): fe80::7ea6:2aff:fe6e:b726%enp0s8:443
2025-11-15 08:18:54,284 - DEBUG - https://fe80::7ea6:2aff:fe6e:b726%enp0s8:443 "GET /redfish/v1/Systems/1 HTTP/1.1" 200 None
2025-11-15 08:18:54,298 - DEBUG - Redfish response status: 200
2025-11-15 08:18:54,301 - DEBUG - Server info - SKU: P77820-B21, Model: Hitachi Advanced Server HA820 G6, Serial: 2M2D3001ZZ
2025-11-15 08:18:54,302 - DEBUG - Identified server type: HA_Server
2025-11-15 08:18:54,303 - DEBUG - Attempting to resolve IPv4 for fe80::7ea6:2aff:fe6e:b726%enp0s8
2025-11-15 08:18:54,303 - DEBUG - Cleaned IPv6: fe80::7ea6:2aff:fe6e:b726
2025-11-15 08:18:54,316 - DEBUG - IPv6 neighbor table result: fe80::e90e:deb3:d28:eafc dev enp0s8 lladdr 7c:c2:55:ea:a9:cb REACHABLE
fe80::9640:c9ff:fe1c:3672 dev enp0s8 lladdr 94:40:c9:1c:36:72 REACHABLE
fe80::7ea6:2aff:fe6e:ab6c dev enp0s8 lladdr 7c:a6:2a:6e:a...
2025-11-15 08:18:54,316 - DEBUG - Found line: fe80::7ea6:2aff:fe6e:b726 dev enp0s8 lladdr 7c:a6:2a:6e:b7:26 REACHABLE
2025-11-15 08:18:54,318 - DEBUG - Found MAC 7c:a6:2a:6e:b7:26 for fe80::7ea6:2aff:fe6e:b726%enp0s8
2025-11-15 08:18:54,328 - DEBUG - IPv4 neighbor table result: 172.23.55.109 dev enp0s8 lladdr 94:40:c9:1c:3d:f0 STALE
172.23.55.102 dev enp0s8 lladdr 7c:a6:2a:6e:ab:6c STALE
172.23.55.41 dev enp0s8  FAILED
172.23.54.18 dev enp0s8  FAILED
172.23.54.3 dev enp0s8  ...
2025-11-15 08:18:54,328 - DEBUG - Found IPv4 172.23.55.98 via MAC mapping
2025-11-15 08:18:54,329 - DEBUG - Resolved IPv4 address 172.23.55.98 for server fe80::7ea6:2aff:fe6e:b726%enp0s8
2025-11-15 08:18:54,330 - DEBUG - Successfully discovered server: HA_Server
2025-11-15 08:18:54,331 - DEBUG - Processing server 10/50: fe80::9640:c9ff:fe1c:3670%enp0s8
2025-11-15 08:18:54,331 - DEBUG - Fast server discovery for fe80::9640:c9ff:fe1c:3670%enp0s8 with username admin
2025-11-15 08:18:54,331 - DEBUG - Attempting fast Redfish connection to https://[fe80::9640:c9ff:fe1c:3670%25enp0s8]/redfish/v1/Systems/1
2025-11-15 08:18:54,334 - DEBUG - Starting new HTTPS connection (1): fe80::9640:c9ff:fe1c:3670%enp0s8:443
2025-11-15 08:18:54,755 - DEBUG - https://fe80::9640:c9ff:fe1c:3670%enp0s8:443 "GET /redfish/v1/Systems/1 HTTP/1.1" 401 None
2025-11-15 08:18:54,764 - DEBUG - Redfish response status: 401
2025-11-15 08:18:54,767 - DEBUG - Failed to connect to Redfish on fe80::9640:c9ff:fe1c:3670%enp0s8
2025-11-15 08:18:54,768 - DEBUG - No server discovered at fe80::9640:c9ff:fe1c:3670%enp0s8
2025-11-15 08:18:54,770 - DEBUG - Processing server 11/50: fe80::5eba:2cff:fe38:9948%enp0s8
2025-11-15 08:18:54,770 - DEBUG - Fast server discovery for fe80::5eba:2cff:fe38:9948%enp0s8 with username admin
2025-11-15 08:18:54,770 - DEBUG - Attempting fast Redfish connection to https://[fe80::5eba:2cff:fe38:9948%25enp0s8]/redfish/v1/Systems/1
2025-11-15 08:18:54,773 - DEBUG - Starting new HTTPS connection (1): fe80::5eba:2cff:fe38:9948%enp0s8:443
2025-11-15 08:18:55,695 - DEBUG - https://fe80::5eba:2cff:fe38:9948%enp0s8:443 "GET /redfish/v1/Systems/1 HTTP/1.1" 200 None
2025-11-15 08:18:55,704 - DEBUG - Redfish response status: 200
2025-11-15 08:18:55,707 - DEBUG - Server info - SKU: P05173-B21, Model: ProLiant DL380 Gen10 Plus, Serial: SGH146Y6R4
2025-11-15 08:18:55,707 - DEBUG - Identified server type: Server_ProLiant_DL380_Gen10_Plus
2025-11-15 08:18:55,707 - DEBUG - Attempting to resolve IPv4 for fe80::5eba:2cff:fe38:9948%enp0s8
2025-11-15 08:18:55,707 - DEBUG - Cleaned IPv6: fe80::5eba:2cff:fe38:9948
2025-11-15 08:18:55,718 - DEBUG - IPv6 neighbor table result: fe80::e90e:deb3:d28:eafc dev enp0s8 lladdr 7c:c2:55:ea:a9:cb REACHABLE
fe80::9640:c9ff:fe1c:3672 dev enp0s8 lladdr 94:40:c9:1c:36:72 REACHABLE
fe80::7ea6:2aff:fe6e:ab6c dev enp0s8 lladdr 7c:a6:2a:6e:a...
2025-11-15 08:18:55,719 - DEBUG - Found line: fe80::5eba:2cff:fe38:9948 dev enp0s8 lladdr 5c:ba:2c:38:99:48 REACHABLE
2025-11-15 08:18:55,719 - DEBUG - Found MAC 5c:ba:2c:38:99:48 for fe80::5eba:2cff:fe38:9948%enp0s8
2025-11-15 08:18:55,729 - DEBUG - IPv4 neighbor table result: 172.23.55.109 dev enp0s8 lladdr 94:40:c9:1c:3d:f0 STALE
172.23.55.102 dev enp0s8 lladdr 7c:a6:2a:6e:ab:6c STALE
172.23.55.41 dev enp0s8  FAILED
172.23.54.18 dev enp0s8  FAILED
172.23.54.3 dev enp0s8  ...
2025-11-15 08:18:55,729 - DEBUG - Attempting direct REST query for fe80::5eba:2cff:fe38:9948
2025-11-15 08:18:55,730 - DEBUG - Trying URL: https://[fe80::5eba:2cff:fe38:9948]/redfish/v1/Managers/BMC/EthernetInterfaces/1
2025-11-15 08:18:55,734 - DEBUG - Starting new HTTPS connection (1): fe80::5eba:2cff:fe38:9948:443
2025-11-15 08:18:55,736 - DEBUG - Direct query failed: HTTPSConnectionPool(host='fe80::5eba:2cff:fe38:9948', port=443): Max retries exceeded with url: /redfish/v1/Managers/BMC/EthernetInterfaces/1 (Caused by NewConnectionError('<urllib3.connection.HTTPSConnection object at 0x767ddbb1b9a0>: Failed to establish a new connection: [Errno 22] Invalid argument'))
2025-11-15 08:18:55,737 - DEBUG - Trying known working IP ranges with correlation...
2025-11-15 08:18:55,737 - DEBUG - Scanning range 172.23.55.90-119
2025-11-15 08:18:58,753 - DEBUG - Correlating 172.23.55.93 with fe80::5eba:2cff:fe38:9948%enp0s8
2025-11-15 08:18:58,755 - DEBUG - Starting new HTTPS connection (1): 172.23.55.93:443
2025-11-15 08:19:00,856 - DEBUG - Correlating 172.23.55.94 with fe80::5eba:2cff:fe38:9948%enp0s8
2025-11-15 08:19:00,859 - DEBUG - Starting new HTTPS connection (1): 172.23.55.94:443
2025-11-15 08:19:01,097 - DEBUG - https://172.23.55.94:443 "GET /redfish/v1 HTTP/1.1" 200 1611
2025-11-15 08:19:01,101 - DEBUG - Found correlated IPv4 172.23.55.94 for fe80::5eba:2cff:fe38:9948%enp0s8
2025-11-15 08:19:01,103 - DEBUG - Resolved IPv4 address 172.23.55.94 for server fe80::5eba:2cff:fe38:9948%enp0s8
2025-11-15 08:19:01,104 - DEBUG - Successfully discovered server: Server_ProLiant_DL380_Gen10_Plus
2025-11-15 08:19:01,104 - DEBUG - Processing server 12/50: fe80::5eed:8cff:fe01:2d68%enp0s8
2025-11-15 08:19:01,105 - DEBUG - Fast server discovery for fe80::5eed:8cff:fe01:2d68%enp0s8 with username admin
2025-11-15 08:19:01,105 - DEBUG - Attempting fast Redfish connection to https://[fe80::5eed:8cff:fe01:2d68%25enp0s8]/redfish/v1/Systems/1
2025-11-15 08:19:01,107 - DEBUG - Starting new HTTPS connection (1): fe80::5eed:8cff:fe01:2d68%enp0s8:443
2025-11-15 08:19:01,689 - DEBUG - https://fe80::5eed:8cff:fe01:2d68%enp0s8:443 "GET /redfish/v1/Systems/1 HTTP/1.1" 200 None
2025-11-15 08:19:01,696 - DEBUG - Redfish response status: 200
2025-11-15 08:19:01,697 - DEBUG - Server info - SKU: P60577-B21, Model: Hitachi Advanced Server HA815 G3, Serial: SGH323YN2G
2025-11-15 08:19:01,697 - DEBUG - Identified server type: HA_Server
2025-11-15 08:19:01,698 - DEBUG - Attempting to resolve IPv4 for fe80::5eed:8cff:fe01:2d68%enp0s8
2025-11-15 08:19:01,698 - DEBUG - Cleaned IPv6: fe80::5eed:8cff:fe01:2d68
2025-11-15 08:19:01,705 - DEBUG - IPv6 neighbor table result: fe80::e90e:deb3:d28:eafc dev enp0s8 lladdr 7c:c2:55:ea:a9:cb REACHABLE
fe80::9640:c9ff:fe1c:3672 dev enp0s8 lladdr 94:40:c9:1c:36:72 REACHABLE
fe80::7ea6:2aff:fe6e:ab6c dev enp0s8 lladdr 7c:a6:2a:6e:a...
2025-11-15 08:19:01,705 - DEBUG - Found line: fe80::5eed:8cff:fe01:2d68 dev enp0s8 lladdr 5c:ed:8c:01:2d:68 REACHABLE
2025-11-15 08:19:01,706 - DEBUG - Found MAC 5c:ed:8c:01:2d:68 for fe80::5eed:8cff:fe01:2d68%enp0s8
2025-11-15 08:19:01,711 - DEBUG - IPv4 neighbor table result: 172.23.55.109 dev enp0s8 lladdr 94:40:c9:1c:3d:f0 STALE
172.23.55.102 dev enp0s8 lladdr 7c:a6:2a:6e:ab:6c STALE
172.23.55.41 dev enp0s8  FAILED
172.23.54.18 dev enp0s8  FAILED
172.23.54.3 dev enp0s8  ...
2025-11-15 08:19:01,711 - DEBUG - Found IPv4 172.23.55.119 via MAC mapping
2025-11-15 08:19:01,712 - DEBUG - Resolved IPv4 address 172.23.55.119 for server fe80::5eed:8cff:fe01:2d68%enp0s8
2025-11-15 08:19:01,712 - DEBUG - Successfully discovered server: HA_Server
2025-11-15 08:19:01,712 - DEBUG - Processing server 13/50: fe80::5eed:8cff:fe36:c630%enp0s8
2025-11-15 08:19:01,713 - DEBUG - Fast server discovery for fe80::5eed:8cff:fe36:c630%enp0s8 with username admin
2025-11-15 08:19:01,713 - DEBUG - Attempting fast Redfish connection to https://[fe80::5eed:8cff:fe36:c630%25enp0s8]/redfish/v1/Systems/1
2025-11-15 08:19:01,715 - DEBUG - Starting new HTTPS connection (1): fe80::5eed:8cff:fe36:c630%enp0s8:443
2025-11-15 08:19:02,286 - DEBUG - https://fe80::5eed:8cff:fe36:c630%enp0s8:443 "GET /redfish/v1/Systems/1 HTTP/1.1" 200 None
2025-11-15 08:19:02,294 - DEBUG - Redfish response status: 200
2025-11-15 08:19:02,294 - DEBUG - Server info - SKU: NA, Model: Hitachi Advanced Server HA820 G3, Serial: CNX24401KJ
2025-11-15 08:19:02,295 - DEBUG - Identified server type: HA_Server
2025-11-15 08:19:02,295 - DEBUG - Attempting to resolve IPv4 for fe80::5eed:8cff:fe36:c630%enp0s8
2025-11-15 08:19:02,295 - DEBUG - Cleaned IPv6: fe80::5eed:8cff:fe36:c630
2025-11-15 08:19:02,304 - DEBUG - IPv6 neighbor table result: fe80::e90e:deb3:d28:eafc dev enp0s8 lladdr 7c:c2:55:ea:a9:cb STALE
fe80::9640:c9ff:fe1c:3672 dev enp0s8 lladdr 94:40:c9:1c:36:72 STALE
fe80::7ea6:2aff:fe6e:ab6c dev enp0s8 lladdr 7c:a6:2a:6e:ab:6c REA...
2025-11-15 08:19:02,304 - DEBUG - Found line: fe80::5eed:8cff:fe36:c630 dev enp0s8 lladdr 5c:ed:8c:36:c6:30 REACHABLE
2025-11-15 08:19:02,305 - DEBUG - Found MAC 5c:ed:8c:36:c6:30 for fe80::5eed:8cff:fe36:c630%enp0s8
2025-11-15 08:19:02,312 - DEBUG - IPv4 neighbor table result: 172.23.55.109 dev enp0s8 lladdr 94:40:c9:1c:3d:f0 STALE
172.23.55.102 dev enp0s8 lladdr 7c:a6:2a:6e:ab:6c STALE
172.23.55.41 dev enp0s8  FAILED
172.23.54.18 dev enp0s8  FAILED
172.23.54.3 dev enp0s8  ...
2025-11-15 08:19:02,313 - DEBUG - Attempting direct REST query for fe80::5eed:8cff:fe36:c630
2025-11-15 08:19:02,313 - DEBUG - Trying URL: https://[fe80::5eed:8cff:fe36:c630]/redfish/v1/Managers/BMC/EthernetInterfaces/1
2025-11-15 08:19:02,315 - DEBUG - Starting new HTTPS connection (1): fe80::5eed:8cff:fe36:c630:443
2025-11-15 08:19:02,316 - DEBUG - Direct query failed: HTTPSConnectionPool(host='fe80::5eed:8cff:fe36:c630', port=443): Max retries exceeded with url: /redfish/v1/Managers/BMC/EthernetInterfaces/1 (Caused by NewConnectionError('<urllib3.connection.HTTPSConnection object at 0x767ddbb19b10>: Failed to establish a new connection: [Errno 22] Invalid argument'))
2025-11-15 08:19:02,316 - DEBUG - Trying known working IP ranges with correlation...
2025-11-15 08:19:02,316 - DEBUG - Scanning range 172.23.55.90-119
2025-11-15 08:19:05,335 - DEBUG - Correlating 172.23.55.93 with fe80::5eed:8cff:fe36:c630%enp0s8
2025-11-15 08:19:05,348 - DEBUG - Starting new HTTPS connection (1): 172.23.55.93:443
2025-11-15 08:19:07,566 - DEBUG - Correlating 172.23.55.94 with fe80::5eed:8cff:fe36:c630%enp0s8
2025-11-15 08:19:07,569 - DEBUG - Starting new HTTPS connection (1): 172.23.55.94:443
2025-11-15 08:19:07,760 - DEBUG - https://172.23.55.94:443 "GET /redfish/v1 HTTP/1.1" 200 1611
2025-11-15 08:19:07,763 - DEBUG - Found correlated IPv4 172.23.55.94 for fe80::5eed:8cff:fe36:c630%enp0s8
2025-11-15 08:19:07,764 - DEBUG - Resolved IPv4 address 172.23.55.94 for server fe80::5eed:8cff:fe36:c630%enp0s8
2025-11-15 08:19:07,765 - DEBUG - Successfully discovered server: HA_Server
2025-11-15 08:19:07,765 - DEBUG - Processing server 14/50: fe80::7ea6:2aff:fe6e:cd2a%enp0s8
2025-11-15 08:19:07,765 - DEBUG - Fast server discovery for fe80::7ea6:2aff:fe6e:cd2a%enp0s8 with username admin
2025-11-15 08:19:07,766 - DEBUG - Attempting fast Redfish connection to https://[fe80::7ea6:2aff:fe6e:cd2a%25enp0s8]/redfish/v1/Systems/1
2025-11-15 08:19:07,767 - DEBUG - Starting new HTTPS connection (1): fe80::7ea6:2aff:fe6e:cd2a%enp0s8:443
2025-11-15 08:19:08,004 - DEBUG - https://fe80::7ea6:2aff:fe6e:cd2a%enp0s8:443 "GET /redfish/v1/Systems/1 HTTP/1.1" 200 None
2025-11-15 08:19:08,009 - DEBUG - Redfish response status: 200
2025-11-15 08:19:08,010 - DEBUG - Server info - SKU: P77750-B21, Model: Hitachi Advanced Server HA810 G6, Serial: 3M1D30109L
2025-11-15 08:19:08,011 - DEBUG - Identified server type: HA_Server
2025-11-15 08:19:08,011 - DEBUG - Attempting to resolve IPv4 for fe80::7ea6:2aff:fe6e:cd2a%enp0s8
2025-11-15 08:19:08,011 - DEBUG - Cleaned IPv6: fe80::7ea6:2aff:fe6e:cd2a
2025-11-15 08:19:08,017 - DEBUG - IPv6 neighbor table result: fe80::e90e:deb3:d28:eafc dev enp0s8 lladdr 7c:c2:55:ea:a9:cb STALE
fe80::9640:c9ff:fe1c:3672 dev enp0s8 lladdr 94:40:c9:1c:36:72 STALE
fe80::7ea6:2aff:fe6e:ab6c dev enp0s8 lladdr 7c:a6:2a:6e:ab:6c STA...
2025-11-15 08:19:08,018 - DEBUG - Found line: fe80::7ea6:2aff:fe6e:cd2a dev enp0s8 lladdr 7c:a6:2a:6e:cd:2a DELAY
2025-11-15 08:19:08,018 - DEBUG - Found MAC 7c:a6:2a:6e:cd:2a for fe80::7ea6:2aff:fe6e:cd2a%enp0s8
2025-11-15 08:19:08,022 - DEBUG - IPv4 neighbor table result: 172.23.55.109 dev enp0s8 lladdr 94:40:c9:1c:3d:f0 STALE
172.23.55.102 dev enp0s8 lladdr 7c:a6:2a:6e:ab:6c STALE
172.23.55.41 dev enp0s8  FAILED
172.23.54.18 dev enp0s8  FAILED
172.23.54.3 dev enp0s8  ...
2025-11-15 08:19:08,023 - DEBUG - Found IPv4 172.23.55.101 via MAC mapping
2025-11-15 08:19:08,023 - DEBUG - Resolved IPv4 address 172.23.55.101 for server fe80::7ea6:2aff:fe6e:cd2a%enp0s8
2025-11-15 08:19:08,023 - DEBUG - Successfully discovered server: HA_Server
2025-11-15 08:19:08,024 - DEBUG - Processing server 15/50: fe80::6a05:caff:feee:fd14%enp0s8
2025-11-15 08:19:08,024 - DEBUG - Fast server discovery for fe80::6a05:caff:feee:fd14%enp0s8 with username admin
2025-11-15 08:19:08,024 - DEBUG - Attempting fast Redfish connection to https://[fe80::6a05:caff:feee:fd14%25enp0s8]/redfish/v1/Systems/1
2025-11-15 08:19:08,026 - DEBUG - Starting new HTTPS connection (1): fe80::6a05:caff:feee:fd14%enp0s8:443
2025-11-15 08:19:08,128 - DEBUG - https://fe80::6a05:caff:feee:fd14%enp0s8:443 "GET /redfish/v1/Systems/1 HTTP/1.1" 404 0
2025-11-15 08:19:08,131 - DEBUG - Redfish response status: 404
2025-11-15 08:19:08,132 - DEBUG - Failed to connect to Redfish on fe80::6a05:caff:feee:fd14%enp0s8
2025-11-15 08:19:08,132 - DEBUG - No server discovered at fe80::6a05:caff:feee:fd14%enp0s8
2025-11-15 08:19:08,132 - DEBUG - Processing server 16/50: fe80::5eed:8cff:fe36:b6aa%enp0s8
2025-11-15 08:19:08,133 - DEBUG - Fast server discovery for fe80::5eed:8cff:fe36:b6aa%enp0s8 with username admin
2025-11-15 08:19:08,133 - DEBUG - Attempting fast Redfish connection to https://[fe80::5eed:8cff:fe36:b6aa%25enp0s8]/redfish/v1/Systems/1
2025-11-15 08:19:08,135 - DEBUG - Starting new HTTPS connection (1): fe80::5eed:8cff:fe36:b6aa%enp0s8:443
2025-11-15 08:19:08,685 - DEBUG - https://fe80::5eed:8cff:fe36:b6aa%enp0s8:443 "GET /redfish/v1/Systems/1 HTTP/1.1" 200 None
2025-11-15 08:19:08,692 - DEBUG - Redfish response status: 200
2025-11-15 08:19:08,693 - DEBUG - Server info - SKU: NA, Model: Hitachi Advanced Server HA820 G3, Serial: CNX24401KC
2025-11-15 08:19:08,694 - DEBUG - Identified server type: HA_Server
2025-11-15 08:19:08,694 - DEBUG - Attempting to resolve IPv4 for fe80::5eed:8cff:fe36:b6aa%enp0s8
2025-11-15 08:19:08,694 - DEBUG - Cleaned IPv6: fe80::5eed:8cff:fe36:b6aa
2025-11-15 08:19:08,701 - DEBUG - IPv6 neighbor table result: fe80::e90e:deb3:d28:eafc dev enp0s8 lladdr 7c:c2:55:ea:a9:cb STALE
fe80::9640:c9ff:fe1c:3672 dev enp0s8 lladdr 94:40:c9:1c:36:72 STALE
fe80::7ea6:2aff:fe6e:ab6c dev enp0s8 lladdr 7c:a6:2a:6e:ab:6c STA...
2025-11-15 08:19:08,702 - DEBUG - Found line: fe80::5eed:8cff:fe36:b6aa dev enp0s8 lladdr 5c:ed:8c:36:b6:aa DELAY
2025-11-15 08:19:08,702 - DEBUG - Found MAC 5c:ed:8c:36:b6:aa for fe80::5eed:8cff:fe36:b6aa%enp0s8
2025-11-15 08:19:08,707 - DEBUG - IPv4 neighbor table result: 172.23.55.109 dev enp0s8 lladdr 94:40:c9:1c:3d:f0 STALE
172.23.55.102 dev enp0s8 lladdr 7c:a6:2a:6e:ab:6c STALE
172.23.55.41 dev enp0s8  FAILED
172.23.54.18 dev enp0s8  FAILED
172.23.54.3 dev enp0s8  ...
2025-11-15 08:19:08,708 - DEBUG - Attempting direct REST query for fe80::5eed:8cff:fe36:b6aa
2025-11-15 08:19:08,708 - DEBUG - Trying URL: https://[fe80::5eed:8cff:fe36:b6aa]/redfish/v1/Managers/BMC/EthernetInterfaces/1
2025-11-15 08:19:08,710 - DEBUG - Starting new HTTPS connection (1): fe80::5eed:8cff:fe36:b6aa:443
2025-11-15 08:19:08,711 - DEBUG - Direct query failed: HTTPSConnectionPool(host='fe80::5eed:8cff:fe36:b6aa', port=443): Max retries exceeded with url: /redfish/v1/Managers/BMC/EthernetInterfaces/1 (Caused by NewConnectionError('<urllib3.connection.HTTPSConnection object at 0x767ddbb1b790>: Failed to establish a new connection: [Errno 22] Invalid argument'))
2025-11-15 08:19:08,711 - DEBUG - Trying known working IP ranges with correlation...
2025-11-15 08:19:08,712 - DEBUG - Scanning range 172.23.55.90-119
2025-11-15 08:19:11,736 - DEBUG - Correlating 172.23.55.93 with fe80::5eed:8cff:fe36:b6aa%enp0s8
2025-11-15 08:19:11,739 - DEBUG - Starting new HTTPS connection (1): 172.23.55.93:443
2025-11-15 08:19:13,844 - DEBUG - Correlating 172.23.55.94 with fe80::5eed:8cff:fe36:b6aa%enp0s8
2025-11-15 08:19:13,847 - DEBUG - Starting new HTTPS connection (1): 172.23.55.94:443
2025-11-15 08:19:14,069 - DEBUG - https://172.23.55.94:443 "GET /redfish/v1 HTTP/1.1" 200 1611
2025-11-15 08:19:14,074 - DEBUG - Found correlated IPv4 172.23.55.94 for fe80::5eed:8cff:fe36:b6aa%enp0s8
2025-11-15 08:19:14,076 - DEBUG - Resolved IPv4 address 172.23.55.94 for server fe80::5eed:8cff:fe36:b6aa%enp0s8
2025-11-15 08:19:14,076 - DEBUG - Successfully discovered server: HA_Server
2025-11-15 08:19:14,077 - DEBUG - Processing server 17/50: fe80::5eed:8cff:fe36:c614%enp0s8
2025-11-15 08:19:14,077 - DEBUG - Fast server discovery for fe80::5eed:8cff:fe36:c614%enp0s8 with username admin
2025-11-15 08:19:14,077 - DEBUG - Attempting fast Redfish connection to https://[fe80::5eed:8cff:fe36:c614%25enp0s8]/redfish/v1/Systems/1
2025-11-15 08:19:14,079 - DEBUG - Starting new HTTPS connection (1): fe80::5eed:8cff:fe36:c614%enp0s8:443
2025-11-15 08:19:15,150 - DEBUG - https://fe80::5eed:8cff:fe36:c614%enp0s8:443 "GET /redfish/v1/Systems/1 HTTP/1.1" 200 None
2025-11-15 08:19:15,159 - DEBUG - Redfish response status: 200
2025-11-15 08:19:15,161 - DEBUG - Server info - SKU: WC3382-018, Model: Hitachi Advanced Server HA810 G3, Serial: CNX24300K7
2025-11-15 08:19:15,161 - DEBUG - Identified server type: HA_Server
2025-11-15 08:19:15,161 - DEBUG - Attempting to resolve IPv4 for fe80::5eed:8cff:fe36:c614%enp0s8
2025-11-15 08:19:15,162 - DEBUG - Cleaned IPv6: fe80::5eed:8cff:fe36:c614
2025-11-15 08:19:15,168 - DEBUG - IPv6 neighbor table result: fe80::e90e:deb3:d28:eafc dev enp0s8 lladdr 7c:c2:55:ea:a9:cb STALE
fe80::9640:c9ff:fe1c:3672 dev enp0s8 lladdr 94:40:c9:1c:36:72 STALE
fe80::7ea6:2aff:fe6e:ab6c dev enp0s8 lladdr 7c:a6:2a:6e:ab:6c STA...
2025-11-15 08:19:15,169 - DEBUG - Found line: fe80::5eed:8cff:fe36:c614 dev enp0s8 lladdr 5c:ed:8c:36:c6:14 DELAY
2025-11-15 08:19:15,169 - DEBUG - Found MAC 5c:ed:8c:36:c6:14 for fe80::5eed:8cff:fe36:c614%enp0s8
2025-11-15 08:19:15,175 - DEBUG - IPv4 neighbor table result: 172.23.55.109 dev enp0s8 lladdr 94:40:c9:1c:3d:f0 STALE
172.23.55.102 dev enp0s8 lladdr 7c:a6:2a:6e:ab:6c STALE
172.23.55.41 dev enp0s8  FAILED
172.23.54.18 dev enp0s8  FAILED
172.23.54.3 dev enp0s8  ...
2025-11-15 08:19:15,175 - DEBUG - Attempting direct REST query for fe80::5eed:8cff:fe36:c614
2025-11-15 08:19:15,176 - DEBUG - Trying URL: https://[fe80::5eed:8cff:fe36:c614]/redfish/v1/Managers/BMC/EthernetInterfaces/1
2025-11-15 08:19:15,182 - DEBUG - Starting new HTTPS connection (1): fe80::5eed:8cff:fe36:c614:443
2025-11-15 08:19:15,183 - DEBUG - Direct query failed: HTTPSConnectionPool(host='fe80::5eed:8cff:fe36:c614', port=443): Max retries exceeded with url: /redfish/v1/Managers/BMC/EthernetInterfaces/1 (Caused by NewConnectionError('<urllib3.connection.HTTPSConnection object at 0x767ddbb1bbe0>: Failed to establish a new connection: [Errno 22] Invalid argument'))
2025-11-15 08:19:15,183 - DEBUG - Trying known working IP ranges with correlation...
2025-11-15 08:19:15,184 - DEBUG - Scanning range 172.23.55.90-119
2025-11-15 08:19:18,226 - DEBUG - Correlating 172.23.55.93 with fe80::5eed:8cff:fe36:c614%enp0s8
2025-11-15 08:19:18,229 - DEBUG - Starting new HTTPS connection (1): 172.23.55.93:443
2025-11-15 08:19:20,340 - DEBUG - Correlating 172.23.55.94 with fe80::5eed:8cff:fe36:c614%enp0s8
2025-11-15 08:19:20,343 - DEBUG - Starting new HTTPS connection (1): 172.23.55.94:443
2025-11-15 08:19:20,576 - DEBUG - https://172.23.55.94:443 "GET /redfish/v1 HTTP/1.1" 200 1611
2025-11-15 08:19:20,581 - DEBUG - Found correlated IPv4 172.23.55.94 for fe80::5eed:8cff:fe36:c614%enp0s8
2025-11-15 08:19:20,582 - DEBUG - Resolved IPv4 address 172.23.55.94 for server fe80::5eed:8cff:fe36:c614%enp0s8
2025-11-15 08:19:20,582 - DEBUG - Successfully discovered server: HA_Server
2025-11-15 08:19:20,583 - DEBUG - Processing server 18/50: fe80::9640:c9ff:fe17:da7e%enp0s8
2025-11-15 08:19:20,583 - DEBUG - Fast server discovery for fe80::9640:c9ff:fe17:da7e%enp0s8 with username admin
2025-11-15 08:19:20,583 - DEBUG - Attempting fast Redfish connection to https://[fe80::9640:c9ff:fe17:da7e%25enp0s8]/redfish/v1/Systems/1
2025-11-15 08:19:20,585 - DEBUG - Starting new HTTPS connection (1): fe80::9640:c9ff:fe17:da7e%enp0s8:443
2025-11-15 08:19:20,925 - DEBUG - https://fe80::9640:c9ff:fe17:da7e%enp0s8:443 "GET /redfish/v1/Systems/1 HTTP/1.1" 401 None
2025-11-15 08:19:20,931 - DEBUG - Redfish response status: 401
2025-11-15 08:19:20,934 - DEBUG - Failed to connect to Redfish on fe80::9640:c9ff:fe17:da7e%enp0s8
2025-11-15 08:19:20,935 - DEBUG - No server discovered at fe80::9640:c9ff:fe17:da7e%enp0s8
2025-11-15 08:19:20,936 - DEBUG - Processing server 19/50: fe80::5eed:8cff:feab:480e%enp0s8
2025-11-15 08:19:20,936 - DEBUG - Fast server discovery for fe80::5eed:8cff:feab:480e%enp0s8 with username admin
2025-11-15 08:19:20,936 - DEBUG - Attempting fast Redfish connection to https://[fe80::5eed:8cff:feab:480e%25enp0s8]/redfish/v1/Systems/1
2025-11-15 08:19:20,940 - DEBUG - Starting new HTTPS connection (1): fe80::5eed:8cff:feab:480e%enp0s8:443
2025-11-15 08:19:24,386 - DEBUG - Exception during fast server discovery for fe80::5eed:8cff:feab:480e%enp0s8: HTTPSConnectionPool(host='fe80::5eed:8cff:feab:480e%enp0s8', port=443): Read timed out. (read timeout=3)
2025-11-15 08:19:24,386 - DEBUG - No server discovered at fe80::5eed:8cff:feab:480e%enp0s8
2025-11-15 08:19:24,386 - DEBUG - Processing server 20/50: fe80::5eed:8cff:fe36:b674%enp0s8
2025-11-15 08:19:24,386 - DEBUG - Fast server discovery for fe80::5eed:8cff:fe36:b674%enp0s8 with username admin
2025-11-15 08:19:24,386 - DEBUG - Attempting fast Redfish connection to https://[fe80::5eed:8cff:fe36:b674%25enp0s8]/redfish/v1/Systems/1
2025-11-15 08:19:24,389 - DEBUG - Starting new HTTPS connection (1): fe80::5eed:8cff:fe36:b674%enp0s8:443
2025-11-15 08:19:25,152 - DEBUG - https://fe80::5eed:8cff:fe36:b674%enp0s8:443 "GET /redfish/v1/Systems/1 HTTP/1.1" 200 None
2025-11-15 08:19:25,158 - DEBUG - Redfish response status: 200
2025-11-15 08:19:25,160 - DEBUG - Server info - SKU: WC3382-018, Model: Hitachi Advanced Server HA810 G3, Serial: CNX24300K3
2025-11-15 08:19:25,161 - DEBUG - Identified server type: HA_Server
2025-11-15 08:19:25,161 - DEBUG - Attempting to resolve IPv4 for fe80::5eed:8cff:fe36:b674%enp0s8
2025-11-15 08:19:25,162 - DEBUG - Cleaned IPv6: fe80::5eed:8cff:fe36:b674
2025-11-15 08:19:25,167 - DEBUG - IPv6 neighbor table result: fe80::e90e:deb3:d28:eafc dev enp0s8 lladdr 7c:c2:55:ea:a9:cb STALE
fe80::9640:c9ff:fe1c:3672 dev enp0s8 lladdr 94:40:c9:1c:36:72 STALE
fe80::7ea6:2aff:fe6e:ab6c dev enp0s8 lladdr 7c:a6:2a:6e:ab:6c STA...
2025-11-15 08:19:25,168 - DEBUG - Found line: fe80::5eed:8cff:fe36:b674 dev enp0s8 lladdr 5c:ed:8c:36:b6:74 DELAY
2025-11-15 08:19:25,168 - DEBUG - Found MAC 5c:ed:8c:36:b6:74 for fe80::5eed:8cff:fe36:b674%enp0s8
2025-11-15 08:19:25,173 - DEBUG - IPv4 neighbor table result: 172.23.55.109 dev enp0s8 lladdr 94:40:c9:1c:3d:f0 STALE
172.23.55.102 dev enp0s8 lladdr 7c:a6:2a:6e:ab:6c STALE
172.23.55.41 dev enp0s8  FAILED
172.23.54.18 dev enp0s8  FAILED
172.23.54.3 dev enp0s8  ...
2025-11-15 08:19:25,174 - DEBUG - Attempting direct REST query for fe80::5eed:8cff:fe36:b674
2025-11-15 08:19:25,174 - DEBUG - Trying URL: https://[fe80::5eed:8cff:fe36:b674]/redfish/v1/Managers/BMC/EthernetInterfaces/1
2025-11-15 08:19:25,176 - DEBUG - Starting new HTTPS connection (1): fe80::5eed:8cff:fe36:b674:443
2025-11-15 08:19:25,177 - DEBUG - Direct query failed: HTTPSConnectionPool(host='fe80::5eed:8cff:fe36:b674', port=443): Max retries exceeded with url: /redfish/v1/Managers/BMC/EthernetInterfaces/1 (Caused by NewConnectionError('<urllib3.connection.HTTPSConnection object at 0x767ddbb19b40>: Failed to establish a new connection: [Errno 22] Invalid argument'))
2025-11-15 08:19:25,178 - DEBUG - Trying known working IP ranges with correlation...
2025-11-15 08:19:25,178 - DEBUG - Scanning range 172.23.55.90-119
2025-11-15 08:19:28,196 - DEBUG - Correlating 172.23.55.93 with fe80::5eed:8cff:fe36:b674%enp0s8
2025-11-15 08:19:28,198 - DEBUG - Starting new HTTPS connection (1): 172.23.55.93:443
2025-11-15 08:19:30,309 - DEBUG - Correlating 172.23.55.94 with fe80::5eed:8cff:fe36:b674%enp0s8
2025-11-15 08:19:30,320 - DEBUG - Starting new HTTPS connection (1): 172.23.55.94:443
2025-11-15 08:19:30,544 - DEBUG - https://172.23.55.94:443 "GET /redfish/v1 HTTP/1.1" 200 1611
2025-11-15 08:19:30,547 - DEBUG - Found correlated IPv4 172.23.55.94 for fe80::5eed:8cff:fe36:b674%enp0s8
2025-11-15 08:19:30,548 - DEBUG - Resolved IPv4 address 172.23.55.94 for server fe80::5eed:8cff:fe36:b674%enp0s8
2025-11-15 08:19:30,549 - DEBUG - Successfully discovered server: HA_Server
2025-11-15 08:19:30,550 - DEBUG - Processing server 21/50: fe80::5eed:8cff:fe01:2dfc%enp0s8
2025-11-15 08:19:30,550 - DEBUG - Fast server discovery for fe80::5eed:8cff:fe01:2dfc%enp0s8 with username admin
2025-11-15 08:19:30,550 - DEBUG - Attempting fast Redfish connection to https://[fe80::5eed:8cff:fe01:2dfc%25enp0s8]/redfish/v1/Systems/1
2025-11-15 08:19:30,552 - DEBUG - Starting new HTTPS connection (1): fe80::5eed:8cff:fe01:2dfc%enp0s8:443
2025-11-15 08:19:31,138 - DEBUG - https://fe80::5eed:8cff:fe01:2dfc%enp0s8:443 "GET /redfish/v1/Systems/1 HTTP/1.1" 200 None
2025-11-15 08:19:31,150 - DEBUG - Redfish response status: 200
2025-11-15 08:19:31,151 - DEBUG - Server info - SKU: P60577-B21, Model: Hitachi Advanced Server HA815 G3, Serial: SGH323YN2N
2025-11-15 08:19:31,151 - DEBUG - Identified server type: HA_Server
2025-11-15 08:19:31,152 - DEBUG - Attempting to resolve IPv4 for fe80::5eed:8cff:fe01:2dfc%enp0s8
2025-11-15 08:19:31,152 - DEBUG - Cleaned IPv6: fe80::5eed:8cff:fe01:2dfc
2025-11-15 08:19:31,158 - DEBUG - IPv6 neighbor table result: fe80::e90e:deb3:d28:eafc dev enp0s8 lladdr 7c:c2:55:ea:a9:cb STALE
fe80::9640:c9ff:fe1c:3672 dev enp0s8 lladdr 94:40:c9:1c:36:72 STALE
fe80::7ea6:2aff:fe6e:ab6c dev enp0s8 lladdr 7c:a6:2a:6e:ab:6c STA...
2025-11-15 08:19:31,158 - DEBUG - Found line: fe80::5eed:8cff:fe01:2dfc dev enp0s8 lladdr 5c:ed:8c:01:2d:fc DELAY
2025-11-15 08:19:31,159 - DEBUG - Found MAC 5c:ed:8c:01:2d:fc for fe80::5eed:8cff:fe01:2dfc%enp0s8
2025-11-15 08:19:31,165 - DEBUG - IPv4 neighbor table result: 172.23.55.109 dev enp0s8 lladdr 94:40:c9:1c:3d:f0 STALE
172.23.55.102 dev enp0s8 lladdr 7c:a6:2a:6e:ab:6c STALE
172.23.55.41 dev enp0s8  FAILED
172.23.54.18 dev enp0s8  FAILED
172.23.54.3 dev enp0s8  ...
2025-11-15 08:19:31,165 - DEBUG - Found IPv4 172.23.55.118 via MAC mapping
2025-11-15 08:19:31,166 - DEBUG - Resolved IPv4 address 172.23.55.118 for server fe80::5eed:8cff:fe01:2dfc%enp0s8
2025-11-15 08:19:31,166 - DEBUG - Successfully discovered server: HA_Server
2025-11-15 08:19:31,166 - DEBUG - Processing server 22/50: fe80::9640:c9ff:fe17:76ca%enp0s8
2025-11-15 08:19:31,167 - DEBUG - Fast server discovery for fe80::9640:c9ff:fe17:76ca%enp0s8 with username admin
2025-11-15 08:19:31,167 - DEBUG - Attempting fast Redfish connection to https://[fe80::9640:c9ff:fe17:76ca%25enp0s8]/redfish/v1/Systems/1
2025-11-15 08:19:31,169 - DEBUG - Starting new HTTPS connection (1): fe80::9640:c9ff:fe17:76ca%enp0s8:443
2025-11-15 08:19:31,527 - DEBUG - https://fe80::9640:c9ff:fe17:76ca%enp0s8:443 "GET /redfish/v1/Systems/1 HTTP/1.1" 401 None
2025-11-15 08:19:31,530 - DEBUG - Redfish response status: 401
2025-11-15 08:19:31,531 - DEBUG - Failed to connect to Redfish on fe80::9640:c9ff:fe17:76ca%enp0s8
2025-11-15 08:19:31,531 - DEBUG - No server discovered at fe80::9640:c9ff:fe17:76ca%enp0s8
2025-11-15 08:19:31,532 - DEBUG - Processing server 23/50: fe80::7ec2:55ff:feed:1412%enp0s8
2025-11-15 08:19:31,532 - DEBUG - Fast server discovery for fe80::7ec2:55ff:feed:1412%enp0s8 with username admin
2025-11-15 08:19:31,532 - DEBUG - Attempting fast Redfish connection to https://[fe80::7ec2:55ff:feed:1412%25enp0s8]/redfish/v1/Systems/1
2025-11-15 08:19:31,534 - DEBUG - Starting new HTTPS connection (1): fe80::7ec2:55ff:feed:1412%enp0s8:443
2025-11-15 08:19:31,647 - DEBUG - https://fe80::7ec2:55ff:feed:1412%enp0s8:443 "GET /redfish/v1/Systems/1 HTTP/1.1" 404 0
2025-11-15 08:19:31,650 - DEBUG - Redfish response status: 404
2025-11-15 08:19:31,651 - DEBUG - Failed to connect to Redfish on fe80::7ec2:55ff:feed:1412%enp0s8
2025-11-15 08:19:31,652 - DEBUG - No server discovered at fe80::7ec2:55ff:feed:1412%enp0s8
2025-11-15 08:19:31,652 - DEBUG - Processing server 24/50: fe80::da1f:ccff:fe83:33a8%enp0s8
2025-11-15 08:19:31,652 - DEBUG - Fast server discovery for fe80::da1f:ccff:fe83:33a8%enp0s8 with username admin
2025-11-15 08:19:31,653 - DEBUG - Attempting fast Redfish connection to https://[fe80::da1f:ccff:fe83:33a8%25enp0s8]/redfish/v1/Systems/1
2025-11-15 08:19:31,655 - DEBUG - Starting new HTTPS connection (1): fe80::da1f:ccff:fe83:33a8%enp0s8:443
2025-11-15 08:19:32,097 - DEBUG - https://fe80::da1f:ccff:fe83:33a8%enp0s8:443 "GET /redfish/v1/Systems/1 HTTP/1.1" 404 47
2025-11-15 08:19:32,107 - DEBUG - Redfish response status: 404
2025-11-15 08:19:32,107 - DEBUG - Failed to connect to Redfish on fe80::da1f:ccff:fe83:33a8%enp0s8
2025-11-15 08:19:32,108 - DEBUG - No server discovered at fe80::da1f:ccff:fe83:33a8%enp0s8
2025-11-15 08:19:32,109 - DEBUG - Processing server 25/50: fe80::9640:c9ff:fe1c:3e32%enp0s8
2025-11-15 08:19:32,109 - DEBUG - Fast server discovery for fe80::9640:c9ff:fe1c:3e32%enp0s8 with username admin
2025-11-15 08:19:32,109 - DEBUG - Attempting fast Redfish connection to https://[fe80::9640:c9ff:fe1c:3e32%25enp0s8]/redfish/v1/Systems/1
2025-11-15 08:19:32,114 - DEBUG - Starting new HTTPS connection (1): fe80::9640:c9ff:fe1c:3e32%enp0s8:443
2025-11-15 08:19:32,860 - DEBUG - https://fe80::9640:c9ff:fe1c:3e32%enp0s8:443 "GET /redfish/v1/Systems/1 HTTP/1.1" 200 None
2025-11-15 08:19:32,871 - DEBUG - Redfish response status: 200
2025-11-15 08:19:32,872 - DEBUG - Server info - SKU: 868704-B21, Model: Hitachi Advanced Server HA820, Serial: 2M29460JQQ
2025-11-15 08:19:32,872 - DEBUG - Identified server type: HA_Server
2025-11-15 08:19:32,872 - DEBUG - Attempting to resolve IPv4 for fe80::9640:c9ff:fe1c:3e32%enp0s8
2025-11-15 08:19:32,872 - DEBUG - Cleaned IPv6: fe80::9640:c9ff:fe1c:3e32
2025-11-15 08:19:32,882 - DEBUG - IPv6 neighbor table result: fe80::e90e:deb3:d28:eafc dev enp0s8 lladdr 7c:c2:55:ea:a9:cb STALE
fe80::9640:c9ff:fe1c:3672 dev enp0s8 lladdr 94:40:c9:1c:36:72 STALE
fe80::7ea6:2aff:fe6e:ab6c dev enp0s8 lladdr 7c:a6:2a:6e:ab:6c STA...
2025-11-15 08:19:32,882 - DEBUG - Found line: fe80::9640:c9ff:fe1c:3e32 dev enp0s8 lladdr 94:40:c9:1c:3e:32 DELAY
2025-11-15 08:19:32,883 - DEBUG - Found MAC 94:40:c9:1c:3e:32 for fe80::9640:c9ff:fe1c:3e32%enp0s8
2025-11-15 08:19:32,899 - DEBUG - IPv4 neighbor table result: 172.23.55.109 dev enp0s8 lladdr 94:40:c9:1c:3d:f0 STALE
172.23.55.102 dev enp0s8 lladdr 7c:a6:2a:6e:ab:6c STALE
172.23.55.41 dev enp0s8  FAILED
172.23.54.18 dev enp0s8  FAILED
172.23.54.3 dev enp0s8  ...
2025-11-15 08:19:32,900 - DEBUG - Found IPv4 172.23.55.115 via MAC mapping
2025-11-15 08:19:32,901 - DEBUG - Resolved IPv4 address 172.23.55.115 for server fe80::9640:c9ff:fe1c:3e32%enp0s8
2025-11-15 08:19:32,901 - DEBUG - Successfully discovered server: HA_Server
2025-11-15 08:19:32,901 - DEBUG - Processing server 26/50: fe80::2f12:a7f4:131b:4c95%enp0s8
2025-11-15 08:19:32,902 - DEBUG - Fast server discovery for fe80::2f12:a7f4:131b:4c95%enp0s8 with username admin
2025-11-15 08:19:32,902 - DEBUG - Attempting fast Redfish connection to https://[fe80::2f12:a7f4:131b:4c95%25enp0s8]/redfish/v1/Systems/1
2025-11-15 08:19:32,906 - DEBUG - Starting new HTTPS connection (1): fe80::2f12:a7f4:131b:4c95%enp0s8:443
2025-11-15 08:19:33,227 - DEBUG - https://fe80::2f12:a7f4:131b:4c95%enp0s8:443 "GET /redfish/v1/Systems/1 HTTP/1.1" 401 561
2025-11-15 08:19:33,231 - DEBUG - Redfish response status: 401
2025-11-15 08:19:33,231 - DEBUG - Failed to connect to Redfish on fe80::2f12:a7f4:131b:4c95%enp0s8
2025-11-15 08:19:33,232 - DEBUG - No server discovered at fe80::2f12:a7f4:131b:4c95%enp0s8
2025-11-15 08:19:33,232 - DEBUG - Processing server 27/50: fe80::8e84:74ff:fec0:b310%enp0s8
2025-11-15 08:19:33,232 - DEBUG - Fast server discovery for fe80::8e84:74ff:fec0:b310%enp0s8 with username admin
2025-11-15 08:19:33,232 - DEBUG - Attempting fast Redfish connection to https://[fe80::8e84:74ff:fec0:b310%25enp0s8]/redfish/v1/Systems/1
2025-11-15 08:19:33,234 - DEBUG - Starting new HTTPS connection (1): fe80::8e84:74ff:fec0:b310%enp0s8:443
2025-11-15 08:19:33,353 - DEBUG - https://fe80::8e84:74ff:fec0:b310%enp0s8:443 "GET /redfish/v1/Systems/1 HTTP/1.1" 404 0
2025-11-15 08:19:33,357 - DEBUG - Redfish response status: 404
2025-11-15 08:19:33,358 - DEBUG - Failed to connect to Redfish on fe80::8e84:74ff:fec0:b310%enp0s8
2025-11-15 08:19:33,359 - DEBUG - No server discovered at fe80::8e84:74ff:fec0:b310%enp0s8
2025-11-15 08:19:33,359 - DEBUG - Processing server 28/50: fe80::b56c:71f0:fb08:edfc%enp0s8
2025-11-15 08:19:33,359 - DEBUG - Fast server discovery for fe80::b56c:71f0:fb08:edfc%enp0s8 with username admin
2025-11-15 08:19:33,360 - DEBUG - Attempting fast Redfish connection to https://[fe80::b56c:71f0:fb08:edfc%25enp0s8]/redfish/v1/Systems/1
2025-11-15 08:19:33,363 - DEBUG - Starting new HTTPS connection (1): fe80::b56c:71f0:fb08:edfc%enp0s8:443
2025-11-15 08:19:36,458 - DEBUG - Exception during fast server discovery for fe80::b56c:71f0:fb08:edfc%enp0s8: HTTPSConnectionPool(host='fe80::b56c:71f0:fb08:edfc%enp0s8', port=443): Read timed out. (read timeout=3)
2025-11-15 08:19:36,459 - DEBUG - No server discovered at fe80::b56c:71f0:fb08:edfc%enp0s8
2025-11-15 08:19:36,460 - DEBUG - Processing server 29/50: fe80::f439:4ec2:bbe1:fe72%enp0s8
2025-11-15 08:19:36,460 - DEBUG - Fast server discovery for fe80::f439:4ec2:bbe1:fe72%enp0s8 with username admin
2025-11-15 08:19:36,461 - DEBUG - Attempting fast Redfish connection to https://[fe80::f439:4ec2:bbe1:fe72%25enp0s8]/redfish/v1/Systems/1
2025-11-15 08:19:36,463 - DEBUG - Starting new HTTPS connection (1): fe80::f439:4ec2:bbe1:fe72%enp0s8:443
2025-11-15 08:19:36,669 - DEBUG - https://fe80::f439:4ec2:bbe1:fe72%enp0s8:443 "GET /redfish/v1/Systems/1 HTTP/1.1" 401 561
2025-11-15 08:19:36,676 - DEBUG - Redfish response status: 401
2025-11-15 08:19:36,677 - DEBUG - Failed to connect to Redfish on fe80::f439:4ec2:bbe1:fe72%enp0s8
2025-11-15 08:19:36,678 - DEBUG - No server discovered at fe80::f439:4ec2:bbe1:fe72%enp0s8
2025-11-15 08:19:36,679 - DEBUG - Processing server 30/50: fe80::9783:1311:29bf:a59c%enp0s8
2025-11-15 08:19:36,680 - DEBUG - Fast server discovery for fe80::9783:1311:29bf:a59c%enp0s8 with username admin
2025-11-15 08:19:36,680 - DEBUG - Attempting fast Redfish connection to https://[fe80::9783:1311:29bf:a59c%25enp0s8]/redfish/v1/Systems/1
2025-11-15 08:19:36,682 - DEBUG - Starting new HTTPS connection (1): fe80::9783:1311:29bf:a59c%enp0s8:443
2025-11-15 08:19:36,900 - DEBUG - https://fe80::9783:1311:29bf:a59c%enp0s8:443 "GET /redfish/v1/Systems/1 HTTP/1.1" 401 561
2025-11-15 08:19:36,903 - DEBUG - Redfish response status: 401
2025-11-15 08:19:36,904 - DEBUG - Failed to connect to Redfish on fe80::9783:1311:29bf:a59c%enp0s8
2025-11-15 08:19:36,904 - DEBUG - No server discovered at fe80::9783:1311:29bf:a59c%enp0s8
2025-11-15 08:19:36,905 - DEBUG - Processing server 31/50: fe80::7ea6:2aff:fe6e:c730%enp0s8
2025-11-15 08:19:36,905 - DEBUG - Fast server discovery for fe80::7ea6:2aff:fe6e:c730%enp0s8 with username admin
2025-11-15 08:19:36,905 - DEBUG - Attempting fast Redfish connection to https://[fe80::7ea6:2aff:fe6e:c730%25enp0s8]/redfish/v1/Systems/1
2025-11-15 08:19:36,906 - DEBUG - Starting new HTTPS connection (1): fe80::7ea6:2aff:fe6e:c730%enp0s8:443
2025-11-15 08:19:37,172 - DEBUG - https://fe80::7ea6:2aff:fe6e:c730%enp0s8:443 "GET /redfish/v1/Systems/1 HTTP/1.1" 200 None
2025-11-15 08:19:37,177 - DEBUG - Redfish response status: 200
2025-11-15 08:19:37,178 - DEBUG - Server info - SKU: P77820-B21, Model: Hitachi Advanced Server HA820 G6, Serial: 2M2D300200
2025-11-15 08:19:37,178 - DEBUG - Identified server type: HA_Server
2025-11-15 08:19:37,178 - DEBUG - Attempting to resolve IPv4 for fe80::7ea6:2aff:fe6e:c730%enp0s8
2025-11-15 08:19:37,178 - DEBUG - Cleaned IPv6: fe80::7ea6:2aff:fe6e:c730
2025-11-15 08:19:37,184 - DEBUG - IPv6 neighbor table result: fe80::e90e:deb3:d28:eafc dev enp0s8 lladdr 7c:c2:55:ea:a9:cb STALE
fe80::9640:c9ff:fe1c:3672 dev enp0s8 lladdr 94:40:c9:1c:36:72 STALE
fe80::7ea6:2aff:fe6e:ab6c dev enp0s8 lladdr 7c:a6:2a:6e:ab:6c STA...
2025-11-15 08:19:37,185 - DEBUG - Found line: fe80::7ea6:2aff:fe6e:c730 dev enp0s8 lladdr 7c:a6:2a:6e:c7:30 DELAY
2025-11-15 08:19:37,185 - DEBUG - Found MAC 7c:a6:2a:6e:c7:30 for fe80::7ea6:2aff:fe6e:c730%enp0s8
2025-11-15 08:19:37,196 - DEBUG - IPv4 neighbor table result: 172.23.55.109 dev enp0s8 lladdr 94:40:c9:1c:3d:f0 STALE
172.23.55.102 dev enp0s8 lladdr 7c:a6:2a:6e:ab:6c STALE
172.23.55.41 dev enp0s8  FAILED
172.23.54.18 dev enp0s8  FAILED
172.23.54.3 dev enp0s8  ...
2025-11-15 08:19:37,197 - DEBUG - Found IPv4 172.23.55.100 via MAC mapping
2025-11-15 08:19:37,197 - DEBUG - Resolved IPv4 address 172.23.55.100 for server fe80::7ea6:2aff:fe6e:c730%enp0s8
2025-11-15 08:19:37,198 - DEBUG - Successfully discovered server: HA_Server
2025-11-15 08:19:37,198 - DEBUG - Processing server 32/50: fe80::3381:20d5:c507:3e19%enp0s8
2025-11-15 08:19:37,198 - DEBUG - Fast server discovery for fe80::3381:20d5:c507:3e19%enp0s8 with username admin
2025-11-15 08:19:37,199 - DEBUG - Attempting fast Redfish connection to https://[fe80::3381:20d5:c507:3e19%25enp0s8]/redfish/v1/Systems/1
2025-11-15 08:19:37,200 - DEBUG - Starting new HTTPS connection (1): fe80::3381:20d5:c507:3e19%enp0s8:443
2025-11-15 08:19:37,467 - DEBUG - https://fe80::3381:20d5:c507:3e19%enp0s8:443 "GET /redfish/v1/Systems/1 HTTP/1.1" 200 4113
2025-11-15 08:19:37,474 - DEBUG - Redfish response status: 200
2025-11-15 08:19:37,476 - DEBUG - Server info - SKU: To be filled by O.E.M., Model: DS220 G6, Serial: S913244X5711323
2025-11-15 08:19:37,478 - DEBUG - Identified server type: Server_DS220_G6
2025-11-15 08:19:37,480 - DEBUG - Attempting to resolve IPv4 for fe80::3381:20d5:c507:3e19%enp0s8
2025-11-15 08:19:37,480 - DEBUG - Cleaned IPv6: fe80::3381:20d5:c507:3e19
2025-11-15 08:19:37,489 - DEBUG - IPv6 neighbor table result: fe80::e90e:deb3:d28:eafc dev enp0s8 lladdr 7c:c2:55:ea:a9:cb STALE
fe80::9640:c9ff:fe1c:3672 dev enp0s8 lladdr 94:40:c9:1c:36:72 STALE
fe80::7ea6:2aff:fe6e:ab6c dev enp0s8 lladdr 7c:a6:2a:6e:ab:6c STA...
2025-11-15 08:19:37,490 - DEBUG - Found line: fe80::3381:20d5:c507:3e19 dev enp0s8 lladdr 7c:c2:55:90:37:95 DELAY
2025-11-15 08:19:37,490 - DEBUG - Found MAC 7c:c2:55:90:37:95 for fe80::3381:20d5:c507:3e19%enp0s8
2025-11-15 08:19:37,501 - DEBUG - IPv4 neighbor table result: 172.23.55.109 dev enp0s8 lladdr 94:40:c9:1c:3d:f0 STALE
172.23.55.102 dev enp0s8 lladdr 7c:a6:2a:6e:ab:6c STALE
172.23.55.41 dev enp0s8  FAILED
172.23.54.18 dev enp0s8  FAILED
172.23.54.3 dev enp0s8  ...
2025-11-15 08:19:37,502 - DEBUG - Attempting direct REST query for fe80::3381:20d5:c507:3e19
2025-11-15 08:19:37,502 - DEBUG - Trying URL: https://[fe80::3381:20d5:c507:3e19]/redfish/v1/Managers/BMC/EthernetInterfaces/1
2025-11-15 08:19:37,504 - DEBUG - Starting new HTTPS connection (1): fe80::3381:20d5:c507:3e19:443
2025-11-15 08:19:37,507 - DEBUG - Direct query failed: HTTPSConnectionPool(host='fe80::3381:20d5:c507:3e19', port=443): Max retries exceeded with url: /redfish/v1/Managers/BMC/EthernetInterfaces/1 (Caused by NewConnectionError('<urllib3.connection.HTTPSConnection object at 0x767ddbb1b3a0>: Failed to establish a new connection: [Errno 22] Invalid argument'))
2025-11-15 08:19:37,507 - DEBUG - Trying known working IP ranges with correlation...
2025-11-15 08:19:37,507 - DEBUG - Scanning range 172.23.55.90-119
2025-11-15 08:19:40,524 - DEBUG - Correlating 172.23.55.93 with fe80::3381:20d5:c507:3e19%enp0s8
2025-11-15 08:19:40,527 - DEBUG - Starting new HTTPS connection (1): 172.23.55.93:443
2025-11-15 08:19:42,636 - DEBUG - Correlating 172.23.55.94 with fe80::3381:20d5:c507:3e19%enp0s8
2025-11-15 08:19:42,642 - DEBUG - Starting new HTTPS connection (1): 172.23.55.94:443
2025-11-15 08:19:42,860 - DEBUG - https://172.23.55.94:443 "GET /redfish/v1 HTTP/1.1" 200 1611
2025-11-15 08:19:42,865 - DEBUG - Found correlated IPv4 172.23.55.94 for fe80::3381:20d5:c507:3e19%enp0s8
2025-11-15 08:19:42,867 - DEBUG - Resolved IPv4 address 172.23.55.94 for server fe80::3381:20d5:c507:3e19%enp0s8
2025-11-15 08:19:42,868 - DEBUG - Successfully discovered server: Server_DS220_G6
2025-11-15 08:19:42,868 - DEBUG - Processing server 33/50: fe80::c859:5d4c:26ce:318f%enp0s8
2025-11-15 08:19:42,868 - DEBUG - Fast server discovery for fe80::c859:5d4c:26ce:318f%enp0s8 with username admin
2025-11-15 08:19:42,869 - DEBUG - Attempting fast Redfish connection to https://[fe80::c859:5d4c:26ce:318f%25enp0s8]/redfish/v1/Systems/1
2025-11-15 08:19:42,875 - DEBUG - Starting new HTTPS connection (1): fe80::c859:5d4c:26ce:318f%enp0s8:443
2025-11-15 08:19:43,175 - DEBUG - https://fe80::c859:5d4c:26ce:318f%enp0s8:443 "GET /redfish/v1/Systems/1 HTTP/1.1" 400 345
2025-11-15 08:19:43,181 - DEBUG - Redfish response status: 400
2025-11-15 08:19:43,183 - DEBUG - Failed to connect to Redfish on fe80::c859:5d4c:26ce:318f%enp0s8
2025-11-15 08:19:43,184 - DEBUG - No server discovered at fe80::c859:5d4c:26ce:318f%enp0s8
2025-11-15 08:19:43,184 - DEBUG - Processing server 34/50: fe80::7ea6:2aff:fe6e:ab6c%enp0s8
2025-11-15 08:19:43,185 - DEBUG - Fast server discovery for fe80::7ea6:2aff:fe6e:ab6c%enp0s8 with username admin
2025-11-15 08:19:43,185 - DEBUG - Attempting fast Redfish connection to https://[fe80::7ea6:2aff:fe6e:ab6c%25enp0s8]/redfish/v1/Systems/1
2025-11-15 08:19:43,188 - DEBUG - Starting new HTTPS connection (1): fe80::7ea6:2aff:fe6e:ab6c%enp0s8:443
2025-11-15 08:19:43,576 - DEBUG - https://fe80::7ea6:2aff:fe6e:ab6c%enp0s8:443 "GET /redfish/v1/Systems/1 HTTP/1.1" 200 None
2025-11-15 08:19:43,584 - DEBUG - Redfish response status: 200
2025-11-15 08:19:43,586 - DEBUG - Server info - SKU: P77750-B21, Model: Hitachi Advanced Server HA810 G6, Serial: 3M1D30109N
2025-11-15 08:19:43,589 - DEBUG - Identified server type: HA_Server
2025-11-15 08:19:43,589 - DEBUG - Attempting to resolve IPv4 for fe80::7ea6:2aff:fe6e:ab6c%enp0s8
2025-11-15 08:19:43,589 - DEBUG - Cleaned IPv6: fe80::7ea6:2aff:fe6e:ab6c
2025-11-15 08:19:43,600 - DEBUG - IPv6 neighbor table result: fe80::e90e:deb3:d28:eafc dev enp0s8 lladdr 7c:c2:55:ea:a9:cb STALE
fe80::9640:c9ff:fe1c:3672 dev enp0s8 lladdr 94:40:c9:1c:36:72 STALE
fe80::7ea6:2aff:fe6e:ab6c dev enp0s8 lladdr 7c:a6:2a:6e:ab:6c DEL...
2025-11-15 08:19:43,601 - DEBUG - Found line: fe80::7ea6:2aff:fe6e:ab6c dev enp0s8 lladdr 7c:a6:2a:6e:ab:6c DELAY
2025-11-15 08:19:43,602 - DEBUG - Found MAC 7c:a6:2a:6e:ab:6c for fe80::7ea6:2aff:fe6e:ab6c%enp0s8
2025-11-15 08:19:43,613 - DEBUG - IPv4 neighbor table result: 172.23.55.109 dev enp0s8 lladdr 94:40:c9:1c:3d:f0 STALE
172.23.55.102 dev enp0s8 lladdr 7c:a6:2a:6e:ab:6c STALE
172.23.55.41 dev enp0s8  FAILED
172.23.54.18 dev enp0s8  FAILED
172.23.54.3 dev enp0s8  ...
2025-11-15 08:19:43,613 - DEBUG - Found IPv4 172.23.55.102 via MAC mapping
2025-11-15 08:19:43,614 - DEBUG - Resolved IPv4 address 172.23.55.102 for server fe80::7ea6:2aff:fe6e:ab6c%enp0s8
2025-11-15 08:19:43,615 - DEBUG - Successfully discovered server: HA_Server
2025-11-15 08:19:43,615 - DEBUG - Processing server 35/50: fe80::9640:c9ff:fe1c:3d0c%enp0s8
2025-11-15 08:19:43,615 - DEBUG - Fast server discovery for fe80::9640:c9ff:fe1c:3d0c%enp0s8 with username admin
2025-11-15 08:19:43,616 - DEBUG - Attempting fast Redfish connection to https://[fe80::9640:c9ff:fe1c:3d0c%25enp0s8]/redfish/v1/Systems/1
2025-11-15 08:19:43,619 - DEBUG - Starting new HTTPS connection (1): fe80::9640:c9ff:fe1c:3d0c%enp0s8:443
2025-11-15 08:19:44,069 - DEBUG - https://fe80::9640:c9ff:fe1c:3d0c%enp0s8:443 "GET /redfish/v1/Systems/1 HTTP/1.1" 401 None
2025-11-15 08:19:44,107 - DEBUG - Redfish response status: 401
2025-11-15 08:19:44,109 - DEBUG - Failed to connect to Redfish on fe80::9640:c9ff:fe1c:3d0c%enp0s8
2025-11-15 08:19:44,109 - DEBUG - No server discovered at fe80::9640:c9ff:fe1c:3d0c%enp0s8
2025-11-15 08:19:44,109 - DEBUG - Processing server 36/50: fe80::7ea6:2aff:fe6e:ab64%enp0s8
2025-11-15 08:19:44,109 - DEBUG - Fast server discovery for fe80::7ea6:2aff:fe6e:ab64%enp0s8 with username admin
2025-11-15 08:19:44,109 - DEBUG - Attempting fast Redfish connection to https://[fe80::7ea6:2aff:fe6e:ab64%25enp0s8]/redfish/v1/Systems/1
2025-11-15 08:19:44,118 - DEBUG - Starting new HTTPS connection (1): fe80::7ea6:2aff:fe6e:ab64%enp0s8:443
2025-11-15 08:19:44,515 - DEBUG - https://fe80::7ea6:2aff:fe6e:ab64%enp0s8:443 "GET /redfish/v1/Systems/1 HTTP/1.1" 200 None
2025-11-15 08:19:44,522 - DEBUG - Redfish response status: 200
2025-11-15 08:19:44,525 - DEBUG - Server info - SKU: P77750-B21, Model: Hitachi Advanced Server HA810 G6, Serial: 3M1D30109P
2025-11-15 08:19:44,525 - DEBUG - Identified server type: HA_Server
2025-11-15 08:19:44,525 - DEBUG - Attempting to resolve IPv4 for fe80::7ea6:2aff:fe6e:ab64%enp0s8
2025-11-15 08:19:44,525 - DEBUG - Cleaned IPv6: fe80::7ea6:2aff:fe6e:ab64
2025-11-15 08:19:44,536 - DEBUG - IPv6 neighbor table result: fe80::e90e:deb3:d28:eafc dev enp0s8 lladdr 7c:c2:55:ea:a9:cb STALE
fe80::9640:c9ff:fe1c:3672 dev enp0s8 lladdr 94:40:c9:1c:36:72 STALE
fe80::7ea6:2aff:fe6e:ab6c dev enp0s8 lladdr 7c:a6:2a:6e:ab:6c DEL...
2025-11-15 08:19:44,537 - DEBUG - Found line: fe80::7ea6:2aff:fe6e:ab64 dev enp0s8 lladdr 7c:a6:2a:6e:ab:64 DELAY
2025-11-15 08:19:44,538 - DEBUG - Found MAC 7c:a6:2a:6e:ab:64 for fe80::7ea6:2aff:fe6e:ab64%enp0s8
2025-11-15 08:19:44,556 - DEBUG - IPv4 neighbor table result: 172.23.55.109 dev enp0s8 lladdr 94:40:c9:1c:3d:f0 STALE
172.23.55.102 dev enp0s8 lladdr 7c:a6:2a:6e:ab:6c STALE
172.23.55.41 dev enp0s8  FAILED
172.23.54.18 dev enp0s8  FAILED
172.23.54.3 dev enp0s8  ...
2025-11-15 08:19:44,557 - DEBUG - Found IPv4 172.23.55.104 via MAC mapping
2025-11-15 08:19:44,557 - DEBUG - Resolved IPv4 address 172.23.55.104 for server fe80::7ea6:2aff:fe6e:ab64%enp0s8
2025-11-15 08:19:44,557 - DEBUG - Successfully discovered server: HA_Server
2025-11-15 08:19:44,558 - DEBUG - Processing server 37/50: fe80::7ea6:2aff:fe6e:8b1e%enp0s8
2025-11-15 08:19:44,559 - DEBUG - Fast server discovery for fe80::7ea6:2aff:fe6e:8b1e%enp0s8 with username admin
2025-11-15 08:19:44,559 - DEBUG - Attempting fast Redfish connection to https://[fe80::7ea6:2aff:fe6e:8b1e%25enp0s8]/redfish/v1/Systems/1
2025-11-15 08:19:44,561 - DEBUG - Starting new HTTPS connection (1): fe80::7ea6:2aff:fe6e:8b1e%enp0s8:443
2025-11-15 08:19:44,901 - DEBUG - https://fe80::7ea6:2aff:fe6e:8b1e%enp0s8:443 "GET /redfish/v1/Systems/1 HTTP/1.1" 200 None
2025-11-15 08:19:44,906 - DEBUG - Redfish response status: 200
2025-11-15 08:19:44,908 - DEBUG - Server info - SKU: P77750-B21, Model: Hitachi Advanced Server HA810 G6, Serial: 3M1D30109M
2025-11-15 08:19:44,908 - DEBUG - Identified server type: HA_Server
2025-11-15 08:19:44,909 - DEBUG - Attempting to resolve IPv4 for fe80::7ea6:2aff:fe6e:8b1e%enp0s8
2025-11-15 08:19:44,909 - DEBUG - Cleaned IPv6: fe80::7ea6:2aff:fe6e:8b1e
2025-11-15 08:19:44,914 - DEBUG - IPv6 neighbor table result: fe80::e90e:deb3:d28:eafc dev enp0s8 lladdr 7c:c2:55:ea:a9:cb STALE
fe80::9640:c9ff:fe1c:3672 dev enp0s8 lladdr 94:40:c9:1c:36:72 STALE
fe80::7ea6:2aff:fe6e:ab6c dev enp0s8 lladdr 7c:a6:2a:6e:ab:6c DEL...
2025-11-15 08:19:44,915 - DEBUG - Found line: fe80::7ea6:2aff:fe6e:8b1e dev enp0s8 lladdr 7c:a6:2a:6e:8b:1e DELAY
2025-11-15 08:19:44,915 - DEBUG - Found MAC 7c:a6:2a:6e:8b:1e for fe80::7ea6:2aff:fe6e:8b1e%enp0s8
2025-11-15 08:19:44,920 - DEBUG - IPv4 neighbor table result: 172.23.55.109 dev enp0s8 lladdr 94:40:c9:1c:3d:f0 STALE
172.23.55.102 dev enp0s8 lladdr 7c:a6:2a:6e:ab:6c STALE
172.23.55.41 dev enp0s8  FAILED
172.23.54.18 dev enp0s8  FAILED
172.23.54.3 dev enp0s8  ...
2025-11-15 08:19:44,921 - DEBUG - Found IPv4 172.23.55.103 via MAC mapping
2025-11-15 08:19:44,921 - DEBUG - Resolved IPv4 address 172.23.55.103 for server fe80::7ea6:2aff:fe6e:8b1e%enp0s8
2025-11-15 08:19:44,921 - DEBUG - Successfully discovered server: HA_Server
2025-11-15 08:19:44,922 - DEBUG - Processing server 38/50: fe80::9640:c9ff:fe1c:3df0%enp0s8
2025-11-15 08:19:44,922 - DEBUG - Fast server discovery for fe80::9640:c9ff:fe1c:3df0%enp0s8 with username admin
2025-11-15 08:19:44,922 - DEBUG - Attempting fast Redfish connection to https://[fe80::9640:c9ff:fe1c:3df0%25enp0s8]/redfish/v1/Systems/1
2025-11-15 08:19:44,924 - DEBUG - Starting new HTTPS connection (1): fe80::9640:c9ff:fe1c:3df0%enp0s8:443
2025-11-15 08:19:45,269 - DEBUG - https://fe80::9640:c9ff:fe1c:3df0%enp0s8:443 "GET /redfish/v1/Systems/1 HTTP/1.1" 401 None
2025-11-15 08:19:45,273 - DEBUG - Redfish response status: 401
2025-11-15 08:19:45,274 - DEBUG - Failed to connect to Redfish on fe80::9640:c9ff:fe1c:3df0%enp0s8
2025-11-15 08:19:45,275 - DEBUG - No server discovered at fe80::9640:c9ff:fe1c:3df0%enp0s8
2025-11-15 08:19:45,275 - DEBUG - Processing server 39/50: fe80::da1f:ccff:fe89:29cc%enp0s8
2025-11-15 08:19:45,276 - DEBUG - Fast server discovery for fe80::da1f:ccff:fe89:29cc%enp0s8 with username admin
2025-11-15 08:19:45,276 - DEBUG - Attempting fast Redfish connection to https://[fe80::da1f:ccff:fe89:29cc%25enp0s8]/redfish/v1/Systems/1
2025-11-15 08:19:45,278 - DEBUG - Starting new HTTPS connection (1): fe80::da1f:ccff:fe89:29cc%enp0s8:443
2025-11-15 08:19:45,608 - DEBUG - https://fe80::da1f:ccff:fe89:29cc%enp0s8:443 "GET /redfish/v1/Systems/1 HTTP/1.1" 404 47
2025-11-15 08:19:45,611 - DEBUG - Redfish response status: 404
2025-11-15 08:19:45,611 - DEBUG - Failed to connect to Redfish on fe80::da1f:ccff:fe89:29cc%enp0s8
2025-11-15 08:19:45,612 - DEBUG - No server discovered at fe80::da1f:ccff:fe89:29cc%enp0s8
2025-11-15 08:19:45,612 - DEBUG - Processing server 40/50: fe80::9640:c9ff:fe1c:3d00%enp0s8
2025-11-15 08:19:45,612 - DEBUG - Fast server discovery for fe80::9640:c9ff:fe1c:3d00%enp0s8 with username admin
2025-11-15 08:19:45,613 - DEBUG - Attempting fast Redfish connection to https://[fe80::9640:c9ff:fe1c:3d00%25enp0s8]/redfish/v1/Systems/1
2025-11-15 08:19:45,615 - DEBUG - Starting new HTTPS connection (1): fe80::9640:c9ff:fe1c:3d00%enp0s8:443
2025-11-15 08:19:46,285 - DEBUG - https://fe80::9640:c9ff:fe1c:3d00%enp0s8:443 "GET /redfish/v1/Systems/1 HTTP/1.1" 200 None
2025-11-15 08:19:46,291 - DEBUG - Redfish response status: 200
2025-11-15 08:19:46,293 - DEBUG - Server info - SKU: 868704-B21, Model: Hitachi Advanced Server HA820, Serial: 2M29460JQP
2025-11-15 08:19:46,293 - DEBUG - Identified server type: HA_Server
2025-11-15 08:19:46,293 - DEBUG - Attempting to resolve IPv4 for fe80::9640:c9ff:fe1c:3d00%enp0s8
2025-11-15 08:19:46,294 - DEBUG - Cleaned IPv6: fe80::9640:c9ff:fe1c:3d00
2025-11-15 08:19:46,299 - DEBUG - IPv6 neighbor table result: fe80::e90e:deb3:d28:eafc dev enp0s8 lladdr 7c:c2:55:ea:a9:cb STALE
fe80::9640:c9ff:fe1c:3672 dev enp0s8 lladdr 94:40:c9:1c:36:72 STALE
fe80::7ea6:2aff:fe6e:ab6c dev enp0s8 lladdr 7c:a6:2a:6e:ab:6c DEL...
2025-11-15 08:19:46,300 - DEBUG - Found line: fe80::9640:c9ff:fe1c:3d00 dev enp0s8 lladdr 94:40:c9:1c:3d:00 DELAY
2025-11-15 08:19:46,300 - DEBUG - Found MAC 94:40:c9:1c:3d:00 for fe80::9640:c9ff:fe1c:3d00%enp0s8
2025-11-15 08:19:46,306 - DEBUG - IPv4 neighbor table result: 172.23.55.109 dev enp0s8 lladdr 94:40:c9:1c:3d:f0 STALE
172.23.55.102 dev enp0s8 lladdr 7c:a6:2a:6e:ab:6c STALE
172.23.55.41 dev enp0s8  FAILED
172.23.54.18 dev enp0s8  FAILED
172.23.54.3 dev enp0s8  ...
2025-11-15 08:19:46,307 - DEBUG - Found IPv4 172.23.55.114 via MAC mapping
2025-11-15 08:19:46,307 - DEBUG - Resolved IPv4 address 172.23.55.114 for server fe80::9640:c9ff:fe1c:3d00%enp0s8
2025-11-15 08:19:46,308 - DEBUG - Successfully discovered server: HA_Server
2025-11-15 08:19:46,308 - DEBUG - Processing server 41/50: fe80::762d:6265:cb9e:e0da%enp0s8
2025-11-15 08:19:46,308 - DEBUG - Fast server discovery for fe80::762d:6265:cb9e:e0da%enp0s8 with username admin
2025-11-15 08:19:46,308 - DEBUG - Attempting fast Redfish connection to https://[fe80::762d:6265:cb9e:e0da%25enp0s8]/redfish/v1/Systems/1
2025-11-15 08:19:46,310 - DEBUG - Starting new HTTPS connection (1): fe80::762d:6265:cb9e:e0da%enp0s8:443
2025-11-15 08:19:46,576 - DEBUG - https://fe80::762d:6265:cb9e:e0da%enp0s8:443 "GET /redfish/v1/Systems/1 HTTP/1.1" 200 4119
2025-11-15 08:19:46,579 - DEBUG - Redfish response status: 200
2025-11-15 08:19:46,580 - DEBUG - Server info - SKU: To be filled by O.E.M., Model: DS220 G6, Serial: S913244X5711324
2025-11-15 08:19:46,581 - DEBUG - Identified server type: Server_DS220_G6
2025-11-15 08:19:46,581 - DEBUG - Attempting to resolve IPv4 for fe80::762d:6265:cb9e:e0da%enp0s8
2025-11-15 08:19:46,581 - DEBUG - Cleaned IPv6: fe80::762d:6265:cb9e:e0da
2025-11-15 08:19:46,592 - DEBUG - IPv6 neighbor table result: fe80::e90e:deb3:d28:eafc dev enp0s8 lladdr 7c:c2:55:ea:a9:cb STALE
fe80::9640:c9ff:fe1c:3672 dev enp0s8 lladdr 94:40:c9:1c:36:72 STALE
fe80::7ea6:2aff:fe6e:ab6c dev enp0s8 lladdr 7c:a6:2a:6e:ab:6c DEL...
2025-11-15 08:19:46,593 - DEBUG - Found line: fe80::762d:6265:cb9e:e0da dev enp0s8 lladdr 7c:c2:55:90:37:97 DELAY
2025-11-15 08:19:46,594 - DEBUG - Found MAC 7c:c2:55:90:37:97 for fe80::762d:6265:cb9e:e0da%enp0s8
2025-11-15 08:19:46,599 - DEBUG - IPv4 neighbor table result: 172.23.55.109 dev enp0s8 lladdr 94:40:c9:1c:3d:f0 STALE
172.23.55.102 dev enp0s8 lladdr 7c:a6:2a:6e:ab:6c STALE
172.23.55.41 dev enp0s8  FAILED
172.23.54.18 dev enp0s8  FAILED
172.23.54.3 dev enp0s8  ...
2025-11-15 08:19:46,600 - DEBUG - Attempting direct REST query for fe80::762d:6265:cb9e:e0da
2025-11-15 08:19:46,600 - DEBUG - Trying URL: https://[fe80::762d:6265:cb9e:e0da]/redfish/v1/Managers/BMC/EthernetInterfaces/1
2025-11-15 08:19:46,606 - DEBUG - Starting new HTTPS connection (1): fe80::762d:6265:cb9e:e0da:443
2025-11-15 08:19:46,607 - DEBUG - Direct query failed: HTTPSConnectionPool(host='fe80::762d:6265:cb9e:e0da', port=443): Max retries exceeded with url: /redfish/v1/Managers/BMC/EthernetInterfaces/1 (Caused by NewConnectionError('<urllib3.connection.HTTPSConnection object at 0x767ddbb1a950>: Failed to establish a new connection: [Errno 22] Invalid argument'))
2025-11-15 08:19:46,608 - DEBUG - Trying known working IP ranges with correlation...
2025-11-15 08:19:46,608 - DEBUG - Scanning range 172.23.55.90-119
2025-11-15 08:19:49,629 - DEBUG - Correlating 172.23.55.93 with fe80::762d:6265:cb9e:e0da%enp0s8
2025-11-15 08:19:49,633 - DEBUG - Starting new HTTPS connection (1): 172.23.55.93:443
2025-11-15 08:19:51,743 - DEBUG - Correlating 172.23.55.94 with fe80::762d:6265:cb9e:e0da%enp0s8
2025-11-15 08:19:51,745 - DEBUG - Starting new HTTPS connection (1): 172.23.55.94:443
2025-11-15 08:19:51,967 - DEBUG - https://172.23.55.94:443 "GET /redfish/v1 HTTP/1.1" 200 1611
2025-11-15 08:19:51,970 - DEBUG - Found correlated IPv4 172.23.55.94 for fe80::762d:6265:cb9e:e0da%enp0s8
2025-11-15 08:19:51,972 - DEBUG - Resolved IPv4 address 172.23.55.94 for server fe80::762d:6265:cb9e:e0da%enp0s8
2025-11-15 08:19:51,972 - DEBUG - Successfully discovered server: Server_DS220_G6
2025-11-15 08:19:51,973 - DEBUG - Processing server 42/50: fe80::cfae:8a5a:8faa:d383%enp0s8
2025-11-15 08:19:51,973 - DEBUG - Fast server discovery for fe80::cfae:8a5a:8faa:d383%enp0s8 with username admin
2025-11-15 08:19:51,973 - DEBUG - Attempting fast Redfish connection to https://[fe80::cfae:8a5a:8faa:d383%25enp0s8]/redfish/v1/Systems/1
2025-11-15 08:19:51,975 - DEBUG - Starting new HTTPS connection (1): fe80::cfae:8a5a:8faa:d383%enp0s8:443
2025-11-15 08:19:52,238 - DEBUG - https://fe80::cfae:8a5a:8faa:d383%enp0s8:443 "GET /redfish/v1/Systems/1 HTTP/1.1" 200 4075
2025-11-15 08:19:52,241 - DEBUG - Redfish response status: 200
2025-11-15 08:19:52,243 - DEBUG - Server info - SKU: To be filled by O.E.M., Model: DS120 G6, Serial: S913237X5509937
2025-11-15 08:19:52,243 - DEBUG - Identified server type: DS120_G6
2025-11-15 08:19:52,243 - DEBUG - Attempting to resolve IPv4 for fe80::cfae:8a5a:8faa:d383%enp0s8
2025-11-15 08:19:52,243 - DEBUG - Cleaned IPv6: fe80::cfae:8a5a:8faa:d383
2025-11-15 08:19:52,249 - DEBUG - IPv6 neighbor table result: fe80::e90e:deb3:d28:eafc dev enp0s8 lladdr 7c:c2:55:ea:a9:cb STALE
fe80::9640:c9ff:fe1c:3672 dev enp0s8 lladdr 94:40:c9:1c:36:72 STALE
fe80::7ea6:2aff:fe6e:ab6c dev enp0s8 lladdr 7c:a6:2a:6e:ab:6c REA...
2025-11-15 08:19:52,250 - DEBUG - Found line: fe80::cfae:8a5a:8faa:d383 dev enp0s8 lladdr 7c:c2:55:8d:08:1b DELAY
2025-11-15 08:19:52,250 - DEBUG - Found MAC 7c:c2:55:8d:08:1b for fe80::cfae:8a5a:8faa:d383%enp0s8
2025-11-15 08:19:52,255 - DEBUG - IPv4 neighbor table result: 172.23.55.109 dev enp0s8 lladdr 94:40:c9:1c:3d:f0 STALE
172.23.55.102 dev enp0s8 lladdr 7c:a6:2a:6e:ab:6c STALE
172.23.55.41 dev enp0s8  FAILED
172.23.54.18 dev enp0s8  FAILED
172.23.54.3 dev enp0s8  ...
2025-11-15 08:19:52,256 - DEBUG - Attempting direct REST query for fe80::cfae:8a5a:8faa:d383
2025-11-15 08:19:52,256 - DEBUG - Trying URL: https://[fe80::cfae:8a5a:8faa:d383]/redfish/v1/Managers/BMC/EthernetInterfaces/1
2025-11-15 08:19:52,258 - DEBUG - Starting new HTTPS connection (1): fe80::cfae:8a5a:8faa:d383:443
2025-11-15 08:19:52,259 - DEBUG - Direct query failed: HTTPSConnectionPool(host='fe80::cfae:8a5a:8faa:d383', port=443): Max retries exceeded with url: /redfish/v1/Managers/BMC/EthernetInterfaces/1 (Caused by NewConnectionError('<urllib3.connection.HTTPSConnection object at 0x767ddbb19ae0>: Failed to establish a new connection: [Errno 22] Invalid argument'))
2025-11-15 08:19:52,260 - DEBUG - Trying known working IP ranges with correlation...
2025-11-15 08:19:52,260 - DEBUG - Scanning range 172.23.55.90-119
2025-11-15 08:19:55,281 - DEBUG - Correlating 172.23.55.93 with fe80::cfae:8a5a:8faa:d383%enp0s8
2025-11-15 08:19:55,284 - DEBUG - Starting new HTTPS connection (1): 172.23.55.93:443
2025-11-15 08:19:57,394 - DEBUG - Correlating 172.23.55.94 with fe80::cfae:8a5a:8faa:d383%enp0s8
2025-11-15 08:19:57,397 - DEBUG - Starting new HTTPS connection (1): 172.23.55.94:443
2025-11-15 08:19:57,593 - DEBUG - https://172.23.55.94:443 "GET /redfish/v1 HTTP/1.1" 200 1611
2025-11-15 08:19:57,596 - DEBUG - Found correlated IPv4 172.23.55.94 for fe80::cfae:8a5a:8faa:d383%enp0s8
2025-11-15 08:19:57,597 - DEBUG - Resolved IPv4 address 172.23.55.94 for server fe80::cfae:8a5a:8faa:d383%enp0s8
2025-11-15 08:19:57,598 - DEBUG - Successfully discovered server: DS120_G6
2025-11-15 08:19:57,598 - DEBUG - Processing server 43/50: fe80::63d1:c3c8:33b2:8f5a%enp0s8
2025-11-15 08:19:57,598 - DEBUG - Fast server discovery for fe80::63d1:c3c8:33b2:8f5a%enp0s8 with username admin
2025-11-15 08:19:57,599 - DEBUG - Attempting fast Redfish connection to https://[fe80::63d1:c3c8:33b2:8f5a%25enp0s8]/redfish/v1/Systems/1
2025-11-15 08:19:57,600 - DEBUG - Starting new HTTPS connection (1): fe80::63d1:c3c8:33b2:8f5a%enp0s8:443
2025-11-15 08:19:57,827 - DEBUG - https://fe80::63d1:c3c8:33b2:8f5a%enp0s8:443 "GET /redfish/v1/Systems/1 HTTP/1.1" 200 4001
2025-11-15 08:19:57,832 - DEBUG - Redfish response status: 200
2025-11-15 08:19:57,833 - DEBUG - Server info - SKU: To be filled by O.E.M., Model: DS120 G6, Serial: S913237X5618634
2025-11-15 08:19:57,833 - DEBUG - Identified server type: DS120_G6
2025-11-15 08:19:57,834 - DEBUG - Attempting to resolve IPv4 for fe80::63d1:c3c8:33b2:8f5a%enp0s8
2025-11-15 08:19:57,834 - DEBUG - Cleaned IPv6: fe80::63d1:c3c8:33b2:8f5a
2025-11-15 08:19:57,845 - DEBUG - IPv6 neighbor table result: fe80::e90e:deb3:d28:eafc dev enp0s8 lladdr 7c:c2:55:ea:a9:cb STALE
fe80::9640:c9ff:fe1c:3672 dev enp0s8 lladdr 94:40:c9:1c:36:72 STALE
fe80::7ea6:2aff:fe6e:ab6c dev enp0s8 lladdr 7c:a6:2a:6e:ab:6c REA...
2025-11-15 08:19:57,846 - DEBUG - Found line: fe80::63d1:c3c8:33b2:8f5a dev enp0s8 lladdr 7c:c2:55:90:37:cf DELAY
2025-11-15 08:19:57,847 - DEBUG - Found MAC 7c:c2:55:90:37:cf for fe80::63d1:c3c8:33b2:8f5a%enp0s8
2025-11-15 08:19:57,852 - DEBUG - IPv4 neighbor table result: 172.23.55.109 dev enp0s8 lladdr 94:40:c9:1c:3d:f0 STALE
172.23.55.102 dev enp0s8 lladdr 7c:a6:2a:6e:ab:6c STALE
172.23.55.41 dev enp0s8  FAILED
172.23.54.18 dev enp0s8  FAILED
172.23.54.3 dev enp0s8  ...
2025-11-15 08:19:57,853 - DEBUG - Found IPv4 172.23.55.95 via MAC mapping
2025-11-15 08:19:57,853 - DEBUG - Resolved IPv4 address 172.23.55.95 for server fe80::63d1:c3c8:33b2:8f5a%enp0s8
2025-11-15 08:19:57,853 - DEBUG - Successfully discovered server: DS120_G6
2025-11-15 08:19:57,854 - DEBUG - Processing server 44/50: fe80::e90e:deb3:d28:eafc%enp0s8
2025-11-15 08:19:57,854 - DEBUG - Fast server discovery for fe80::e90e:deb3:d28:eafc%enp0s8 with username admin
2025-11-15 08:19:57,854 - DEBUG - Attempting fast Redfish connection to https://[fe80::e90e:deb3:d28:eafc%25enp0s8]/redfish/v1/Systems/1
2025-11-15 08:19:57,855 - DEBUG - Starting new HTTPS connection (1): fe80::e90e:deb3:d28:eafc%enp0s8:443
2025-11-15 08:19:58,057 - DEBUG - https://fe80::e90e:deb3:d28:eafc%enp0s8:443 "GET /redfish/v1/Systems/1 HTTP/1.1" 401 561
2025-11-15 08:19:58,060 - DEBUG - Redfish response status: 401
2025-11-15 08:19:58,061 - DEBUG - Failed to connect to Redfish on fe80::e90e:deb3:d28:eafc%enp0s8
2025-11-15 08:19:58,061 - DEBUG - No server discovered at fe80::e90e:deb3:d28:eafc%enp0s8
2025-11-15 08:19:58,061 - DEBUG - Processing server 45/50: fe80::925a:8ff:fe1e:5086%enp0s8
2025-11-15 08:19:58,062 - DEBUG - Fast server discovery for fe80::925a:8ff:fe1e:5086%enp0s8 with username admin
2025-11-15 08:19:58,062 - DEBUG - Attempting fast Redfish connection to https://[fe80::925a:8ff:fe1e:5086%25enp0s8]/redfish/v1/Systems/1
2025-11-15 08:19:58,063 - DEBUG - Starting new HTTPS connection (1): fe80::925a:8ff:fe1e:5086%enp0s8:443
2025-11-15 08:19:58,171 - DEBUG - https://fe80::925a:8ff:fe1e:5086%enp0s8:443 "GET /redfish/v1/Systems/1 HTTP/1.1" 404 0
2025-11-15 08:19:58,173 - DEBUG - Redfish response status: 404
2025-11-15 08:19:58,174 - DEBUG - Failed to connect to Redfish on fe80::925a:8ff:fe1e:5086%enp0s8
2025-11-15 08:19:58,175 - DEBUG - No server discovered at fe80::925a:8ff:fe1e:5086%enp0s8
2025-11-15 08:19:58,175 - DEBUG - Processing server 46/50: fe80::b696:91ff:fec9:c970%enp0s8
2025-11-15 08:19:58,175 - DEBUG - Fast server discovery for fe80::b696:91ff:fec9:c970%enp0s8 with username admin
2025-11-15 08:19:58,176 - DEBUG - Attempting fast Redfish connection to https://[fe80::b696:91ff:fec9:c970%25enp0s8]/redfish/v1/Systems/1
2025-11-15 08:19:58,177 - DEBUG - Starting new HTTPS connection (1): fe80::b696:91ff:fec9:c970%enp0s8:443
2025-11-15 08:19:58,286 - DEBUG - https://fe80::b696:91ff:fec9:c970%enp0s8:443 "GET /redfish/v1/Systems/1 HTTP/1.1" 404 0
2025-11-15 08:19:58,288 - DEBUG - Redfish response status: 404
2025-11-15 08:19:58,289 - DEBUG - Failed to connect to Redfish on fe80::b696:91ff:fec9:c970%enp0s8
2025-11-15 08:19:58,290 - DEBUG - No server discovered at fe80::b696:91ff:fec9:c970%enp0s8
2025-11-15 08:19:58,290 - DEBUG - Processing server 47/50: fe80::323e:a7ff:fe01:6dfe%enp0s8
2025-11-15 08:19:58,291 - DEBUG - Fast server discovery for fe80::323e:a7ff:fe01:6dfe%enp0s8 with username admin
2025-11-15 08:19:58,291 - DEBUG - Attempting fast Redfish connection to https://[fe80::323e:a7ff:fe01:6dfe%25enp0s8]/redfish/v1/Systems/1
2025-11-15 08:19:58,292 - DEBUG - Starting new HTTPS connection (1): fe80::323e:a7ff:fe01:6dfe%enp0s8:443
2025-11-15 08:19:58,401 - DEBUG - https://fe80::323e:a7ff:fe01:6dfe%enp0s8:443 "GET /redfish/v1/Systems/1 HTTP/1.1" 404 0
2025-11-15 08:19:58,405 - DEBUG - Redfish response status: 404
2025-11-15 08:19:58,406 - DEBUG - Failed to connect to Redfish on fe80::323e:a7ff:fe01:6dfe%enp0s8
2025-11-15 08:19:58,407 - DEBUG - No server discovered at fe80::323e:a7ff:fe01:6dfe%enp0s8
2025-11-15 08:19:58,407 - DEBUG - Processing server 48/50: fe80::2592:27a4:4208:84d0%enp0s8
2025-11-15 08:19:58,408 - DEBUG - Fast server discovery for fe80::2592:27a4:4208:84d0%enp0s8 with username admin
2025-11-15 08:19:58,408 - DEBUG - Attempting fast Redfish connection to https://[fe80::2592:27a4:4208:84d0%25enp0s8]/redfish/v1/Systems/1
2025-11-15 08:19:58,409 - DEBUG - Starting new HTTPS connection (1): fe80::2592:27a4:4208:84d0%enp0s8:443
2025-11-15 08:19:58,692 - DEBUG - https://fe80::2592:27a4:4208:84d0%enp0s8:443 "GET /redfish/v1/Systems/1 HTTP/1.1" 200 4058
2025-11-15 08:19:58,697 - DEBUG - Redfish response status: 200
2025-11-15 08:19:58,698 - DEBUG - Server info - SKU: To be filled by O.E.M., Model: DS120 G6, Serial: S913237X5509936
2025-11-15 08:19:58,698 - DEBUG - Identified server type: DS120_G6
2025-11-15 08:19:58,698 - DEBUG - Attempting to resolve IPv4 for fe80::2592:27a4:4208:84d0%enp0s8
2025-11-15 08:19:58,699 - DEBUG - Cleaned IPv6: fe80::2592:27a4:4208:84d0
2025-11-15 08:19:58,704 - DEBUG - IPv6 neighbor table result: fe80::e90e:deb3:d28:eafc dev enp0s8 lladdr 7c:c2:55:ea:a9:cb DELAY
fe80::9640:c9ff:fe1c:3672 dev enp0s8 lladdr 94:40:c9:1c:36:72 STALE
fe80::7ea6:2aff:fe6e:ab6c dev enp0s8 lladdr 7c:a6:2a:6e:ab:6c REA...
2025-11-15 08:19:58,704 - DEBUG - Found line: fe80::2592:27a4:4208:84d0 dev enp0s8 lladdr 7c:c2:55:8d:08:11 DELAY
2025-11-15 08:19:58,704 - DEBUG - Found MAC 7c:c2:55:8d:08:11 for fe80::2592:27a4:4208:84d0%enp0s8
2025-11-15 08:19:58,709 - DEBUG - IPv4 neighbor table result: 172.23.55.109 dev enp0s8 lladdr 94:40:c9:1c:3d:f0 STALE
172.23.55.102 dev enp0s8 lladdr 7c:a6:2a:6e:ab:6c STALE
172.23.55.41 dev enp0s8  FAILED
172.23.54.18 dev enp0s8  FAILED
172.23.54.3 dev enp0s8  ...
2025-11-15 08:19:58,709 - DEBUG - Attempting direct REST query for fe80::2592:27a4:4208:84d0
2025-11-15 08:19:58,710 - DEBUG - Trying URL: https://[fe80::2592:27a4:4208:84d0]/redfish/v1/Managers/BMC/EthernetInterfaces/1
2025-11-15 08:19:58,715 - DEBUG - Starting new HTTPS connection (1): fe80::2592:27a4:4208:84d0:443
2025-11-15 08:19:58,717 - DEBUG - Direct query failed: HTTPSConnectionPool(host='fe80::2592:27a4:4208:84d0', port=443): Max retries exceeded with url: /redfish/v1/Managers/BMC/EthernetInterfaces/1 (Caused by NewConnectionError('<urllib3.connection.HTTPSConnection object at 0x767ddbb19cf0>: Failed to establish a new connection: [Errno 22] Invalid argument'))
2025-11-15 08:19:58,717 - DEBUG - Trying known working IP ranges with correlation...
2025-11-15 08:19:58,718 - DEBUG - Scanning range 172.23.55.90-119
2025-11-15 08:20:01,744 - DEBUG - Correlating 172.23.55.93 with fe80::2592:27a4:4208:84d0%enp0s8
2025-11-15 08:20:01,748 - DEBUG - Starting new HTTPS connection (1): 172.23.55.93:443
2025-11-15 08:20:03,885 - DEBUG - Correlating 172.23.55.94 with fe80::2592:27a4:4208:84d0%enp0s8
2025-11-15 08:20:03,887 - DEBUG - Starting new HTTPS connection (1): 172.23.55.94:443
2025-11-15 08:20:04,092 - DEBUG - https://172.23.55.94:443 "GET /redfish/v1 HTTP/1.1" 200 1611
2025-11-15 08:20:04,097 - DEBUG - Found correlated IPv4 172.23.55.94 for fe80::2592:27a4:4208:84d0%enp0s8
2025-11-15 08:20:04,098 - DEBUG - Resolved IPv4 address 172.23.55.94 for server fe80::2592:27a4:4208:84d0%enp0s8
2025-11-15 08:20:04,099 - DEBUG - Successfully discovered server: DS120_G6
2025-11-15 08:20:04,099 - DEBUG - Processing server 49/50: fe80::925a:8ff:fe1e:508a%enp0s8
2025-11-15 08:20:04,099 - DEBUG - Fast server discovery for fe80::925a:8ff:fe1e:508a%enp0s8 with username admin
2025-11-15 08:20:04,100 - DEBUG - Attempting fast Redfish connection to https://[fe80::925a:8ff:fe1e:508a%25enp0s8]/redfish/v1/Systems/1
2025-11-15 08:20:04,101 - DEBUG - Starting new HTTPS connection (1): fe80::925a:8ff:fe1e:508a%enp0s8:443
2025-11-15 08:20:04,195 - DEBUG - https://fe80::925a:8ff:fe1e:508a%enp0s8:443 "GET /redfish/v1/Systems/1 HTTP/1.1" 404 0
2025-11-15 08:20:04,199 - DEBUG - Redfish response status: 404
2025-11-15 08:20:04,201 - DEBUG - Failed to connect to Redfish on fe80::925a:8ff:fe1e:508a%enp0s8
2025-11-15 08:20:04,201 - DEBUG - No server discovered at fe80::925a:8ff:fe1e:508a%enp0s8
2025-11-15 08:20:04,202 - DEBUG - Processing server 50/50: fe80::9640:c9ff:fe1c:3672%enp0s8
2025-11-15 08:20:04,202 - DEBUG - Fast server discovery for fe80::9640:c9ff:fe1c:3672%enp0s8 with username admin
2025-11-15 08:20:04,202 - DEBUG - Attempting fast Redfish connection to https://[fe80::9640:c9ff:fe1c:3672%25enp0s8]/redfish/v1/Systems/1
2025-11-15 08:20:04,204 - DEBUG - Starting new HTTPS connection (1): fe80::9640:c9ff:fe1c:3672%enp0s8:443
2025-11-15 08:20:04,312 - DEBUG - https://fe80::9640:c9ff:fe1c:3672%enp0s8:443 "GET /redfish/v1/Systems/1 HTTP/1.1" 404 0
2025-11-15 08:20:04,315 - DEBUG - Redfish response status: 404
2025-11-15 08:20:04,316 - DEBUG - Failed to connect to Redfish on fe80::9640:c9ff:fe1c:3672%enp0s8
2025-11-15 08:20:04,316 - DEBUG - No server discovered at fe80::9640:c9ff:fe1c:3672%enp0s8
2025-11-15 08:20:04,317 - DEBUG - Total servers discovered: 24
2025-11-15 08:20:04,317 - DEBUG - Discovery complete, preparing results...
